rr,name,rule,n_filters,splits,splits_pos_ev,avg_trades_test,min_trades_test,avg_wr_test_num,avg_delta_wr_test_pp,avg_evR_test,avg_delta_evR_test,avg_wr_test,avg_delta_wr_test
2.0,RR2_after_new_high_recent_flag_high50,after_new_high_recent_flag high50@1,1,3,3,82.33333333333333,54,36.85474091978157,2.0033700684107196,0.10564222759344717,0.06010110205232163,"36,9%","2,0%"
2.0,RR2_rsi_high60__AND__pullback_atr_low50,rsi high60@60.0219 AND pullback_from_new_high_atr low50@1.04486,2,1,1,38.0,38,50.0,15.909090909090914,0.5,0.4772727272727274,"50,0%","15,9%"
2.0,RR2_pullback_atr_low50,pullback_from_new_high_atr low50@1.05792,1,1,1,76.0,76,44.73684210526316,9.130781499202548,0.3421052631578948,0.2739234449760765,"44,7%","9,1%"
2.0,RR2_rsi_high60,rsi high60@60.0219,1,1,1,56.0,56,42.85714285714285,8.766233766233768,0.2857142857142857,0.2629870129870131,"42,9%","8,8%"
2.0,RR2_pullback_atr_low50,pullback_from_new_high_atr low50@1.04486,1,1,1,49.0,49,42.85714285714285,8.766233766233768,0.2857142857142857,0.2629870129870131,"42,9%","8,8%"
2.0,RR2_rsi_high60,rsi high60@59.9765,1,1,1,84.0,84,44.04761904761904,8.441558441558435,0.3214285714285714,0.2532467532467531,"44,0%","8,4%"
2.0,RR2_pullback_atr_low50,pullback_from_new_high_atr low50@1.05852,1,1,1,98.0,98,42.85714285714285,7.999999999999993,0.2857142857142857,0.24,"42,9%","8,0%"
2.0,RR2_rsi_high60,rsi high60@60.1693,1,1,1,105.0,105,41.90476190476191,7.047619047619044,0.2571428571428572,0.2114285714285715,"41,9%","7,0%"
1.5,RR1p5_magap_high60,ma_gap_pct high60@1.22051,1,1,1,46.0,46,47.82608695652174,8.26564739608218,0.1956521739130435,0.2066411849020544,"47,8%","8,3%"
1.5,RR1p5_magap_high60,ma_gap_pct high60@1.28599,1,1,1,65.0,65,47.69230769230769,6.515837104072404,0.1923076923076924,0.16289592760181,"47,7%","6,5%"
1.5,RR1p5_magap_high60,ma_gap_pct high60@1.29034,1,1,1,91.0,91,47.25274725274725,5.816283164349457,0.1813186813186811,0.1454070791087364,"47,3%","5,8%"
1.5,RR1p5_ret3_high50__AND__slope_low80,ret_3_pct high50@0.0350671 AND slope_strength low80@0.276009,2,1,1,56.0,56,46.42857142857143,5.252100840336141,0.1607142857142857,0.1313025210084033,"46,4%","5,3%"
1.0,RR1_ret3_high50__AND__bodypct_high60,ret_3_pct high50@0.0350147 AND body_pct high60@0.178278,2,1,1,48.0,48,54.16666666666666,5.939716312056738,0.0833333333333332,0.1187943262411346,"54,2%","5,9%"
1.0,RR1_ret3_high50__AND__clv_high60,ret_3_pct high50@0.0350147 AND clv high60@0.828411,2,1,1,45.0,45,53.333333333333336,5.10638297872341,0.0666666666666666,0.102127659574468,"53,3%","5,1%"
1.0,RR1_volz_high50,vol_z high50@-0.285581,1,1,1,112.0,112,53.57142857142857,4.635258358662611,0.0714285714285714,0.0927051671732523,"53,6%","4,6%"
2.0,RR2_ret3_high50,ret_3_pct high50@0.0383034,1,1,1,82.0,82,37.80487804878049,2.9477351916376264,0.1341463414634146,0.0884320557491289,"37,8%","2,9%"
1.5,RR1p5_ret3_high50,ret_3_pct high50@0.0383034,1,1,1,85.0,85,44.70588235294118,3.26941826454339,0.1176470588235294,0.0817354566135847,"44,7%","3,3%"
2.0,RR2_ret3_high50,ret_3_pct high50@0.0350671,1,1,1,63.0,63,38.095238095238095,2.489177489177486,0.1428571428571428,0.0746753246753245,"38,1%","2,5%"
1.0,RR1_ret3_high50,ret_3_pct high50@0.0350147,1,1,1,68.0,68,51.47058823529412,3.24363788068419,0.0294117647058822,0.0648727576136836,"51,5%","3,2%"
1.0,RR1_ret3_high50__AND__slope_low80,ret_3_pct high50@0.0350147 AND slope_strength low80@0.277751,2,1,1,59.0,59,50.84745762711864,2.6205072725087177,0.0169491525423728,0.0524101454501742,"50,8%","2,6%"
1.5,RR1p5_ret3_high50,ret_3_pct high50@0.0350671,1,1,1,65.0,65,43.07692307692308,1.9004524886877905,0.0769230769230769,0.0475113122171946,"43,1%","1,9%"
1.5,RR1p5_volz_high50,vol_z high50@-0.292849,1,1,1,111.0,111,43.24324324324324,1.8067791548454508,0.081081081081081,0.0451694788711363,"43,2%","1,8%"
2.0,RR2_volz_high50,vol_z high50@-0.338748,1,1,1,111.0,111,36.03603603603604,1.1788931788931762,0.0810810810810812,0.0353667953667955,"36,0%","1,2%"
1.0,RR1_ret3_high50,ret_3_pct high50@0.0372324,1,2,1,65.5,42,49.02354200107009,1.6831164691551983,-0.019529159978598252,0.033662329383104,"49,0%","1,7%"
2.0,RR2_ret3_high50,ret_3_pct high50@0.0371925,1,1,1,40.0,40,35.0,0.9090909090909136,0.0499999999999999,0.0272727272727273,"35,0%","0,9%"
1.5,RR1p5_ret3_high50__AND__slope_low80,ret_3_pct high50@0.0372324 AND slope_strength low80@0.270164,2,1,1,37.0,37,40.54054054054054,0.9801009801009783,0.0135135135135135,0.0245025245025244,"40,5%","1,0%"
1.5,RR1p5_volz_high50,vol_z high50@-0.29227,1,1,1,88.0,88,42.04545454545455,0.8689839572192568,0.0511363636363636,0.0217245989304812,"42,0%","0,9%"
2.0,RR2_volz_high50,vol_z high50@-0.310795,1,1,1,84.0,84,34.523809523809526,-1.0822510822510836,0.0357142857142857,-0.0324675324675325,"34,5%","-1,1%"
1.0,RR1_volz_high50,vol_z high50@-0.280266,1,1,0,88.0,88,50.0,1.773049645390074,0.0,0.0354609929078014,"50,0%","1,8%"
1.0,RR1_volz_high50,vol_z high50@-0.238376,1,1,0,57.0,57,47.368421052631575,1.623740201567749,-0.0526315789473685,0.032474804031355,"47,4%","1,6%"
1.0,RR1_magap_high60,ma_gap_pct high60@1.23863,1,1,0,47.0,47,46.80851063829788,1.0638297872340488,-0.0638297872340425,0.0212765957446809,"46,8%","1,1%"
1.0,RR1_magap_high60,ma_gap_pct high60@1.3156,1,1,0,66.0,66,48.48484848484848,0.2578981302385585,-0.0303030303030302,0.0051579626047711,"48,5%","0,3%"
1.0,RR1_magap_high60,ma_gap_pct high60@1.3353,1,1,0,90.0,90,48.888888888888886,-0.0472813238770726,-0.0222222222222222,-0.0009456264775412,"48,9%","-0,0%"
1.5,RR1p5_ret3_high50,ret_3_pct high50@0.0372324,1,1,0,41.0,41,39.02439024390244,-0.5360493165371238,-0.0243902439024389,-0.013401232913428,"39,0%","-0,5%"
1.5,RR1p5_volz_high50,vol_z high50@-0.267522,1,1,0,59.0,59,38.983050847457626,-0.5773887129819357,-0.0254237288135592,-0.0144347178245484,"39,0%","-0,6%"
1.0,RR1_ret3_high50__AND__slope_low80,ret_3_pct high50@0.0372324 AND slope_strength low80@0.270416,2,1,0,38.0,38,44.73684210526316,-1.0078387458006688,-0.1052631578947367,-0.0201567749160132,"44,7%","-1,0%"
2.0,RR2_volz_high50,vol_z high50@-0.285748,1,1,0,57.0,57,31.57894736842105,-2.511961722488035,-0.0526315789473684,-0.075358851674641,"31,6%","-2,5%"
