rr,name,rule,n_filters,baseline_trades_train,baseline_wr_train_num,baseline_wr_train,baseline_evR_train,baseline_trades_test,baseline_wr_test_num,baseline_wr_test,baseline_evR_test,trades_train,wr_train_num,wr_train,delta_wr_train_pp,delta_wr_train,evR_train,delta_evR_train,trades_test,wr_test_num,wr_test,delta_wr_test_pp,delta_wr_test,evR_test,delta_evR_test
1.0,RR1_ret3_high50,ret_3_pct high50@0.0372324,1,374,48.663101604278076,"48,7%",-0.026737967914438554,94,45.744680851063826,"45,7%",-0.08510638297872353,187,48.1283422459893,"48,1%",-0.534759358288774,"-0,5%",-0.037433155080214,-0.010695187165775444,42,45.23809523809524,"45,2%",-0.5065856129685855,"-0,5%",-0.09523809523809529,-0.010131712259371761
1.0,RR1_volz_high50,vol_z high50@-0.238376,1,374,48.663101604278076,"48,7%",-0.026737967914438554,94,45.744680851063826,"45,7%",-0.08510638297872353,187,55.61497326203209,"55,6%",6.951871657754012,"7,0%",0.11229946524064172,0.13903743315508027,57,47.368421052631575,"47,4%",1.623740201567749,"1,6%",-0.05263157894736853,0.032474804031355
1.0,RR1_magap_high60,ma_gap_pct high60@1.23863,1,374,48.663101604278076,"48,7%",-0.026737967914438554,94,45.744680851063826,"45,7%",-0.08510638297872353,224,51.78571428571429,"51,8%",3.122612681436216,"3,1%",0.03571428571428581,0.062452253628724363,47,46.808510638297875,"46,8%",1.0638297872340488,"1,1%",-0.06382978723404253,0.021276595744680993
1.0,RR1_ret3_high50__AND__slope_low80,ret_3_pct high50@0.0372324 AND slope_strength low80@0.270416,2,374,48.663101604278076,"48,7%",-0.026737967914438554,94,45.744680851063826,"45,7%",-0.08510638297872353,153,47.712418300653596,"47,7%",-0.95068330362448,"-1,0%",-0.045751633986928,-0.019013666072489444,38,44.73684210526316,"44,7%",-1.0078387458006688,"-1,0%",-0.10526315789473678,-0.020156774916013254
1.5,RR1p5_ret3_high50,ret_3_pct high50@0.0372324,1,360,41.11111111111111,"41,1%",0.02777777777777779,91,39.56043956043956,"39,6%",-0.010989010989010839,180,41.11111111111111,"41,1%",0.0,"0,0%",0.02777777777777779,0.0,41,39.02439024390244,"39,0%",-0.5360493165371238,"-0,5%",-0.024390243902438935,-0.013401232913428096
1.5,RR1p5_volz_high50,vol_z high50@-0.267522,1,360,41.11111111111111,"41,1%",0.02777777777777779,91,39.56043956043956,"39,6%",-0.010989010989010839,180,45.0,"45,0%",3.888888888888893,"3,9%",0.125,0.09722222222222221,59,38.983050847457626,"39,0%",-0.5773887129819357,"-0,6%",-0.025423728813559254,-0.014434717824548415
1.5,RR1p5_magap_high60,ma_gap_pct high60@1.22051,1,360,41.11111111111111,"41,1%",0.02777777777777779,91,39.56043956043956,"39,6%",-0.010989010989010839,216,43.05555555555556,"43,1%",1.94444444444445,"1,9%",0.07638888888888895,0.04861111111111116,46,47.82608695652174,"47,8%",8.26564739608218,"8,3%",0.19565217391304357,0.2066411849020544
1.5,RR1p5_ret3_high50__AND__slope_low80,ret_3_pct high50@0.0372324 AND slope_strength low80@0.270164,2,360,41.11111111111111,"41,1%",0.02777777777777779,91,39.56043956043956,"39,6%",-0.010989010989010839,148,40.54054054054054,"40,5%",-0.5705705705705668,"-0,6%",0.013513513513513598,-0.014264264264264193,37,40.54054054054054,"40,5%",0.9801009801009783,"1,0%",0.013513513513513598,0.024502524502524436
2.0,RR2_rsi_high60,rsi high60@60.0219,1,349,34.95702005730659,"35,0%",0.04871060171919772,88,34.090909090909086,"34,1%",0.022727272727272596,209,32.057416267942585,"32,1%",-2.899603789364008,"-2,9%",-0.038277511961722466,-0.08698811368092019,56,42.857142857142854,"42,9%",8.766233766233768,"8,8%",0.2857142857142857,0.2629870129870131
2.0,RR2_pullback_atr_low50,pullback_from_new_high_atr low50@1.04486,1,349,34.95702005730659,"35,0%",0.04871060171919772,88,34.090909090909086,"34,1%",0.022727272727272596,175,34.285714285714285,"34,3%",-0.6713057715923085,"-0,7%",0.02857142857142858,-0.02013917314776914,49,42.857142857142854,"42,9%",8.766233766233768,"8,8%",0.2857142857142857,0.2629870129870131
2.0,RR2_ret3_high50,ret_3_pct high50@0.0371925,1,349,34.95702005730659,"35,0%",0.04871060171919772,88,34.090909090909086,"34,1%",0.022727272727272596,175,33.714285714285715,"33,7%",-1.242734343020878,"-1,2%",0.011428571428571455,-0.03728203029062627,40,35.0,"35,0%",0.9090909090909136,"0,9%",0.04999999999999993,0.027272727272727337
2.0,RR2_volz_high50,vol_z high50@-0.285748,1,349,34.95702005730659,"35,0%",0.04871060171919772,88,34.090909090909086,"34,1%",0.022727272727272596,175,39.42857142857143,"39,4%",4.471551371264837,"4,5%",0.18285714285714294,0.13414654113794522,57,31.57894736842105,"31,6%",-2.511961722488035,"-2,5%",-0.052631578947368474,-0.07535885167464107
2.0,RR2_rsi_high60__AND__pullback_atr_low50,rsi high60@60.0219 AND pullback_from_new_high_atr low50@1.04486,2,349,34.95702005730659,"35,0%",0.04871060171919772,88,34.090909090909086,"34,1%",0.022727272727272596,135,32.592592592592595,"32,6%",-2.364427464713998,"-2,4%",-0.022222222222222143,-0.07093282394141986,38,50.0,"50,0%",15.909090909090914,"15,9%",0.5,0.4772727272727274
2.0,RR2_after_new_high_recent_flag_high50,after_new_high_recent_flag high50@1,1,349,34.95702005730659,"35,0%",0.04871060171919772,88,34.090909090909086,"34,1%",0.022727272727272596,233,29.613733905579398,"29,6%",-5.343286151727195,"-5,3%",-0.11158798283261806,-0.16029858455181578,54,35.18518518518518,"35,2%",1.094276094276097,"1,1%",0.05555555555555558,0.032828282828282984
