timeframe,setup,rr,feature,mode,pct,threshold,trades_train,win_rate_train_num,win_rate_train,delta_vs_base_train_num,delta_vs_base_train,trades_test,win_rate_test_num,win_rate_test,delta_vs_base_test_num,delta_vs_base_test
1h,PFR,1.0,ret_3_pct,high,50,0.0350147402876643,168,46.42857142857143,"46,4%",-2.526652452025587,"-2,5%",44,54.54545454545454,"54,5%",10.497835497835496,"10,5%"
1h,PFR,1.0,vol_z,high,50,-0.2375654473130544,168,56.547619047619044,"56,5%",7.592395167022026,"7,6%",45,51.11111111111111,"51,1%",7.063492063492063,"7,1%"
1h,PFR,1.0,ma_gap_pct,high,60,1.2642485918667825,201,52.23880597014925,"52,2%",3.283582089552233,"3,3%",40,50.0,"50,0%",5.952380952380956,"6,0%"
1h,PFR,1.0,body,high,40,112.10000000000001,134,57.46268656716418,"57,5%",8.507462686567159,"8,5%",63,49.2063492063492,"49,2%",5.158730158730158,"5,2%"
1h,PFR,1.0,vol_z,high,60,-0.42240408102032834,201,52.736318407960205,"52,7%",3.7810945273631873,"3,8%",53,49.056603773584904,"49,1%",5.00898472596586,"5,0%"
1h,PFR,1.0,bars_since_new_high,low,60,4.0,206,48.05825242718447,"48,1%",-0.8969714534125472,"-0,9%",49,48.97959183673469,"49,0%",4.9319727891156475,"4,9%"
1h,PFR,1.0,context_bars_since_extreme,low,60,4.0,206,48.05825242718447,"48,1%",-0.8969714534125472,"-0,9%",49,48.97959183673469,"49,0%",4.9319727891156475,"4,9%"
1h,PFR,1.0,body_pct,high,60,0.18094365807631113,201,53.233830845771145,"53,2%",4.278606965174127,"4,3%",47,48.93617021276596,"48,9%",4.8885511651469145,"4,9%"
1h,PFR,1.0,ret_1_pct,high,60,0.18127166058311325,201,53.233830845771145,"53,2%",4.278606965174127,"4,3%",47,48.93617021276596,"48,9%",4.8885511651469145,"4,9%"
1h,PFR,1.0,body,high,50,80.30000000000291,168,57.738095238095234,"57,7%",8.782871357498216,"8,8%",72,48.61111111111111,"48,6%",4.563492063492063,"4,6%"
1h,PFR,1.0,lower_wick,high,40,144.58000000000175,134,52.23880597014925,"52,2%",3.283582089552233,"3,3%",58,48.275862068965516,"48,3%",4.228243021346472,"4,2%"
1h,PFR,1.0,lower_wick_pct,low,50,0.2949182471964449,168,50.595238095238095,"50,6%",1.6400142146410772,"1,6%",54,48.148148148148145,"48,1%",4.100529100529101,"4,1%"
1h,PFR,1.0,lower_wick,high,60,82.96000000000058,201,51.741293532338304,"51,7%",2.786069651741286,"2,8%",73,47.94520547945205,"47,9%",3.8975864318330053,"3,9%"
1h,PFR,1.0,rsi,high,60,60.384418770338485,201,46.26865671641791,"46,3%",-2.6865671641791096,"-2,7%",48,47.91666666666667,"47,9%",3.8690476190476275,"3,9%"
1h,PFR,1.0,body,high,60,54.8,201,54.72636815920397,"54,7%",5.771144278606954,"5,8%",76,47.368421052631575,"47,4%",3.3208020050125313,"3,3%"
1h,PFR,1.0,lower_wick_pct,low,40,0.24010561270854114,134,48.507462686567166,"48,5%",-0.4477611940298516,"-0,4%",47,46.808510638297875,"46,8%",2.760891590678831,"2,8%"
1h,PFR,1.0,pullback_from_new_high_atr,low,50,1.0439963285210736,168,47.023809523809526,"47,0%",-1.9314143567874922,"-1,9%",47,46.808510638297875,"46,8%",2.760891590678831,"2,8%"
1h,PFR,1.0,context_pullback_atr,low,50,1.0439963285210736,168,47.023809523809526,"47,0%",-1.9314143567874922,"-1,9%",47,46.808510638297875,"46,8%",2.760891590678831,"2,8%"
1h,PFR,1.0,slope_strength,high,60,0.09989787672552572,201,51.243781094527364,"51,2%",2.2885572139303463,"2,3%",43,46.51162790697674,"46,5%",2.4640088593576976,"2,5%"
1h,PFR,1.0,ret_5_pct,high,60,0.3557496330426346,201,48.756218905472636,"48,8%",-0.19900497512438164,"-0,2%",43,46.51162790697674,"46,5%",2.4640088593576976,"2,5%"
1h,PFR,1.0,pullback_from_new_high_pct,low,40,0.703209146312852,134,50.0,"50,0%",1.0447761194029823,"1,0%",54,46.2962962962963,"46,3%",2.2486772486772537,"2,2%"
1h,PFR,1.0,context_pullback_pct,low,40,0.703209146312852,134,50.0,"50,0%",1.0447761194029823,"1,0%",54,46.2962962962963,"46,3%",2.2486772486772537,"2,2%"
1h,PFR,1.0,lower_wick,high,50,111.0,169,53.84615384615385,"53,8%",4.890929965556829,"4,9%",67,46.26865671641791,"46,3%",2.221037668798864,"2,2%"
1h,PFR,1.0,pullback_from_new_high_atr,high,60,0.857903300071619,201,48.756218905472636,"48,8%",-0.19900497512438164,"-0,2%",46,45.65217391304348,"45,7%",1.6045548654244328,"1,6%"
1h,PFR,1.0,context_pullback_atr,high,60,0.857903300071619,201,48.756218905472636,"48,8%",-0.19900497512438164,"-0,2%",46,45.65217391304348,"45,7%",1.6045548654244328,"1,6%"
1h,PFR,1.0,clv,high,60,0.8251248751248751,201,50.24875621890548,"50,2%",1.2935323383084594,"1,3%",55,45.45454545454545,"45,5%",1.4069264069264094,"1,4%"
1h,PFR,1.0,ret_3_pct,high,60,-0.031081740824219155,201,47.2636815920398,"47,3%",-1.6915422885572156,"-1,7%",55,45.45454545454545,"45,5%",1.4069264069264094,"1,4%"
1h,PFR,1.0,range,high,50,269.5,168,53.57142857142857,"53,6%",4.616204690831552,"4,6%",75,45.33333333333333,"45,3%",1.2857142857142847,"1,3%"
1h,PFR,1.0,range,high,40,352.70000000000005,134,55.970149253731336,"56,0%",7.014925373134318,"7,0%",64,45.3125,"45,3%",1.264880952380956,"1,3%"
1h,PFR,1.0,upper_wick,high,50,32.0,169,50.887573964497044,"50,9%",1.932350083900026,"1,9%",62,45.16129032258064,"45,2%",1.1136712749615967,"1,1%"
1h,PFR,1.0,upper_wick,high,40,46.11999999999971,134,53.73134328358209,"53,7%",4.776119402985074,"4,8%",51,45.09803921568628,"45,1%",1.0504201680672338,"1,1%"
1h,PFR,1.0,upper_wick_pct,low,60,0.13127316400615585,201,46.766169154228855,"46,8%",-2.1890547263681626,"-2,2%",60,45.0,"45,0%",0.9523809523809561,"1,0%"
1h,PFR,1.0,pos_in_range_n,high,50,0.7924427317490895,168,49.404761904761905,"49,4%",0.4495380241648874,"0,4%",49,44.89795918367347,"44,9%",0.8503401360544274,"0,9%"
1h,PFR,1.0,clv,high,50,0.8578584846587352,168,50.0,"50,0%",1.0447761194029823,"1,0%",47,44.680851063829785,"44,7%",0.6332320162107408,"0,6%"
1h,PFR,1.0,upper_wick_pct,low,50,0.1062630117973629,168,48.214285714285715,"48,2%",-0.7409381663113024,"-0,7%",56,44.642857142857146,"44,6%",0.595238095238102,"0,6%"
1h,PFR,1.0,lower_wick_pct,low,60,0.3488747925703365,201,48.756218905472636,"48,8%",-0.19900497512438164,"-0,2%",65,44.61538461538462,"44,6%",0.5677655677655764,"0,6%"
1h,PFR,1.0,atr,high,50,315.92323565632137,168,53.57142857142857,"53,6%",4.616204690831552,"4,6%",81,44.44444444444444,"44,4%",0.39682539682539897,"0,4%"
1h,PFR,1.0,range,high,60,215.7,201,54.72636815920397,"54,7%",5.771144278606954,"5,8%",81,44.44444444444444,"44,4%",0.39682539682539897,"0,4%"
1h,PFR,1.0,atr,high,40,385.7820414056799,134,52.23880597014925,"52,2%",3.283582089552233,"3,3%",72,44.44444444444444,"44,4%",0.39682539682539897,"0,4%"
1h,PFR,1.0,dist_to_high_n_pct,low,50,0.7198027654218819,168,51.78571428571429,"51,8%",2.830490405117274,"2,8%",63,44.44444444444444,"44,4%",0.39682539682539897,"0,4%"
1h,PFR,1.0,pullback_from_new_high_pct,low,60,0.9323312154854659,201,46.766169154228855,"46,8%",-2.1890547263681626,"-2,2%",63,44.44444444444444,"44,4%",0.39682539682539897,"0,4%"
1h,PFR,1.0,context_pullback_pct,low,60,0.9323312154854659,201,46.766169154228855,"46,8%",-2.1890547263681626,"-2,2%",63,44.44444444444444,"44,4%",0.39682539682539897,"0,4%"
1h,PFR,1.0,pos_in_range_n,high,60,0.7573321188692018,201,48.258706467661696,"48,3%",-0.6965174129353215,"-0,7%",54,44.44444444444444,"44,4%",0.39682539682539897,"0,4%"
1h,PFR,1.0,after_new_high_recent_flag,high,10,1.0,223,41.70403587443946,"41,7%",-7.251188006157555,"-7,3%",54,44.44444444444444,"44,4%",0.39682539682539897,"0,4%"
1h,PFR,1.0,after_new_high_recent_flag,high,15,1.0,223,41.70403587443946,"41,7%",-7.251188006157555,"-7,3%",54,44.44444444444444,"44,4%",0.39682539682539897,"0,4%"
1h,PFR,1.0,after_new_high_recent_flag,high,20,1.0,223,41.70403587443946,"41,7%",-7.251188006157555,"-7,3%",54,44.44444444444444,"44,4%",0.39682539682539897,"0,4%"
1h,PFR,1.0,after_new_high_recent_flag,high,25,1.0,223,41.70403587443946,"41,7%",-7.251188006157555,"-7,3%",54,44.44444444444444,"44,4%",0.39682539682539897,"0,4%"
1h,PFR,1.0,after_new_high_recent_flag,high,30,1.0,223,41.70403587443946,"41,7%",-7.251188006157555,"-7,3%",54,44.44444444444444,"44,4%",0.39682539682539897,"0,4%"
1h,PFR,1.0,after_new_high_recent_flag,high,40,1.0,223,41.70403587443946,"41,7%",-7.251188006157555,"-7,3%",54,44.44444444444444,"44,4%",0.39682539682539897,"0,4%"
1h,PFR,1.0,after_new_high_recent_flag,high,50,1.0,223,41.70403587443946,"41,7%",-7.251188006157555,"-7,3%",54,44.44444444444444,"44,4%",0.39682539682539897,"0,4%"
1h,PFR,1.0,after_new_high_recent_flag,high,60,1.0,223,41.70403587443946,"41,7%",-7.251188006157555,"-7,3%",54,44.44444444444444,"44,4%",0.39682539682539897,"0,4%"
1h,PFR,1.0,context_after_extreme_flag_v2,high,10,1.0,223,41.70403587443946,"41,7%",-7.251188006157555,"-7,3%",54,44.44444444444444,"44,4%",0.39682539682539897,"0,4%"
1h,PFR,1.0,context_after_extreme_flag_v2,high,15,1.0,223,41.70403587443946,"41,7%",-7.251188006157555,"-7,3%",54,44.44444444444444,"44,4%",0.39682539682539897,"0,4%"
1h,PFR,1.0,context_after_extreme_flag_v2,high,20,1.0,223,41.70403587443946,"41,7%",-7.251188006157555,"-7,3%",54,44.44444444444444,"44,4%",0.39682539682539897,"0,4%"
1h,PFR,1.0,context_after_extreme_flag_v2,high,25,1.0,223,41.70403587443946,"41,7%",-7.251188006157555,"-7,3%",54,44.44444444444444,"44,4%",0.39682539682539897,"0,4%"
1h,PFR,1.0,context_after_extreme_flag_v2,high,30,1.0,223,41.70403587443946,"41,7%",-7.251188006157555,"-7,3%",54,44.44444444444444,"44,4%",0.39682539682539897,"0,4%"
1h,PFR,1.0,context_after_extreme_flag_v2,high,40,1.0,223,41.70403587443946,"41,7%",-7.251188006157555,"-7,3%",54,44.44444444444444,"44,4%",0.39682539682539897,"0,4%"
1h,PFR,1.0,context_after_extreme_flag_v2,high,50,1.0,223,41.70403587443946,"41,7%",-7.251188006157555,"-7,3%",54,44.44444444444444,"44,4%",0.39682539682539897,"0,4%"
1h,PFR,1.0,context_after_extreme_flag_v2,high,60,1.0,223,41.70403587443946,"41,7%",-7.251188006157555,"-7,3%",54,44.44444444444444,"44,4%",0.39682539682539897,"0,4%"
1h,PFR,1.0,pullback_from_new_high_pct,low,50,0.8093880904323836,168,45.23809523809524,"45,2%",-3.717128642501777,"-3,7%",61,44.26229508196721,"44,3%",0.21467603434816596,"0,2%"
1h,PFR,1.0,context_pullback_pct,low,50,0.8093880904323836,168,45.23809523809524,"45,2%",-3.717128642501777,"-3,7%",61,44.26229508196721,"44,3%",0.21467603434816596,"0,2%"
1h,PFR,1.0,dist_to_low_n_pct,low,40,2.4213404707703896,134,50.0,"50,0%",1.0447761194029823,"1,0%",52,44.230769230769226,"44,2%",0.1831501831501825,"0,2%"
1h,PFR,1.0,pullback_from_new_high_atr,low,60,1.2455408755537165,201,45.77114427860697,"45,8%",-3.1840796019900495,"-3,2%",52,44.230769230769226,"44,2%",0.1831501831501825,"0,2%"
1h,PFR,1.0,context_pullback_atr,low,60,1.2455408755537165,201,45.77114427860697,"45,8%",-3.1840796019900495,"-3,2%",52,44.230769230769226,"44,2%",0.1831501831501825,"0,2%"
1h,PFR,1.0,upper_wick_pct,low,40,0.08002791842836418,134,49.25373134328358,"49,3%",0.29850746268656536,"0,3%",43,44.18604651162791,"44,2%",0.1384274640088634,"0,1%"
1h,PFR,1.0,sma8,high,40,41049.0625,134,54.47761194029851,"54,5%",5.522388059701491,"5,5%",84,44.047619047619044,"44,0%",0.0,"0,0%"
1h,PFR,1.0,sma8,high,50,35780.4375,168,55.35714285714286,"55,4%",6.4019189765458435,"6,4%",84,44.047619047619044,"44,0%",0.0,"0,0%"
1h,PFR,1.0,sma8,high,60,28036.93,201,55.72139303482587,"55,7%",6.766169154228855,"6,8%",84,44.047619047619044,"44,0%",0.0,"0,0%"
1h,PFR,1.0,sma80,high,40,39427.82875,134,55.223880597014926,"55,2%",6.268656716417908,"6,3%",84,44.047619047619044,"44,0%",0.0,"0,0%"
1h,PFR,1.0,sma80,high,50,34627.675,168,55.35714285714286,"55,4%",6.4019189765458435,"6,4%",84,44.047619047619044,"44,0%",0.0,"0,0%"
1h,PFR,1.0,sma80,high,60,27272.225000000002,201,55.72139303482587,"55,7%",6.766169154228855,"6,8%",84,44.047619047619044,"44,0%",0.0,"0,0%"
1h,PFR,1.0,atr,high,60,237.08890797798205,201,52.736318407960205,"52,7%",3.7810945273631873,"3,8%",84,44.047619047619044,"44,0%",0.0,"0,0%"
1h,PFR,1.0,rolling_high_20,high,40,41622.1,134,55.223880597014926,"55,2%",6.268656716417908,"6,3%",84,44.047619047619044,"44,0%",0.0,"0,0%"
1h,PFR,1.0,rolling_high_20,high,50,36940.5,168,55.35714285714286,"55,4%",6.4019189765458435,"6,4%",84,44.047619047619044,"44,0%",0.0,"0,0%"
1h,PFR,1.0,rolling_high_20,high,60,28305.539999999997,201,55.72139303482587,"55,7%",6.766169154228855,"6,8%",84,44.047619047619044,"44,0%",0.0,"0,0%"
1h,PFR,1.0,rolling_low_20,high,40,38467.00000000001,134,55.223880597014926,"55,2%",6.268656716417908,"6,3%",84,44.047619047619044,"44,0%",0.0,"0,0%"
1h,PFR,1.0,rolling_low_20,high,50,33888.0,168,55.952380952380956,"56,0%",6.997157071783938,"7,0%",84,44.047619047619044,"44,0%",0.0,"0,0%"
1h,PFR,1.0,rolling_low_20,high,60,27080.48,201,55.72139303482587,"55,7%",6.766169154228855,"6,8%",84,44.047619047619044,"44,0%",0.0,"0,0%"
1h,PFR,1.0,new_high_event,high,10,0.0,335,48.95522388059702,"49,0%",0.0,"0,0%",84,44.047619047619044,"44,0%",0.0,"0,0%"
1h,PFR,1.0,new_high_event,high,15,0.0,335,48.95522388059702,"49,0%",0.0,"0,0%",84,44.047619047619044,"44,0%",0.0,"0,0%"
1h,PFR,1.0,new_high_event,high,20,0.0,335,48.95522388059702,"49,0%",0.0,"0,0%",84,44.047619047619044,"44,0%",0.0,"0,0%"
1h,PFR,1.0,new_high_event,high,25,0.0,335,48.95522388059702,"49,0%",0.0,"0,0%",84,44.047619047619044,"44,0%",0.0,"0,0%"
1h,PFR,1.0,new_high_event,high,30,0.0,335,48.95522388059702,"49,0%",0.0,"0,0%",84,44.047619047619044,"44,0%",0.0,"0,0%"
1h,PFR,1.0,new_high_event,high,40,0.0,335,48.95522388059702,"49,0%",0.0,"0,0%",84,44.047619047619044,"44,0%",0.0,"0,0%"
1h,PFR,1.0,new_high_event,high,50,0.0,335,48.95522388059702,"49,0%",0.0,"0,0%",84,44.047619047619044,"44,0%",0.0,"0,0%"
1h,PFR,1.0,new_high_event,high,60,0.0,335,48.95522388059702,"49,0%",0.0,"0,0%",84,44.047619047619044,"44,0%",0.0,"0,0%"
1h,PFR,1.0,last_new_high,high,40,41738.8,134,55.223880597014926,"55,2%",6.268656716417908,"6,3%",84,44.047619047619044,"44,0%",0.0,"0,0%"
1h,PFR,1.0,last_new_high,high,50,37245.0,168,54.761904761904766,"54,8%",5.806680881307749,"5,8%",84,44.047619047619044,"44,0%",0.0,"0,0%"
1h,PFR,1.0,last_new_high,high,60,28451.18,201,55.72139303482587,"55,7%",6.766169154228855,"6,8%",84,44.047619047619044,"44,0%",0.0,"0,0%"
1h,PFR,1.0,after_new_high_recent_flag,low,40,1.0,335,48.95522388059702,"49,0%",0.0,"0,0%",84,44.047619047619044,"44,0%",0.0,"0,0%"
1h,PFR,1.0,after_new_high_recent_flag,low,50,1.0,335,48.95522388059702,"49,0%",0.0,"0,0%",84,44.047619047619044,"44,0%",0.0,"0,0%"
1h,PFR,1.0,after_new_high_recent_flag,low,60,1.0,335,48.95522388059702,"49,0%",0.0,"0,0%",84,44.047619047619044,"44,0%",0.0,"0,0%"
1h,PFR,1.0,context_after_extreme_flag_v2,low,40,1.0,335,48.95522388059702,"49,0%",0.0,"0,0%",84,44.047619047619044,"44,0%",0.0,"0,0%"
1h,PFR,1.0,context_after_extreme_flag_v2,low,50,1.0,335,48.95522388059702,"49,0%",0.0,"0,0%",84,44.047619047619044,"44,0%",0.0,"0,0%"
1h,PFR,1.0,context_after_extreme_flag_v2,low,60,1.0,335,48.95522388059702,"49,0%",0.0,"0,0%",84,44.047619047619044,"44,0%",0.0,"0,0%"
1h,PFR,1.0,upper_wick_pct,high,60,0.08002791842836418,201,48.756218905472636,"48,8%",-0.19900497512438164,"-0,2%",41,43.90243902439025,"43,9%",-0.14518002322879653,"-0,1%"
1h,PFR,1.0,dist_to_low_n_pct,low,60,3.339704056025689,201,50.24875621890548,"50,2%",1.2935323383084594,"1,3%",73,43.83561643835616,"43,8%",-0.21200260926288195,"-0,2%"
1h,PFR,1.0,atr_pct,low,60,0.8947596252880491,201,49.75124378109453,"49,8%",0.7960199004975124,"0,8%",78,43.58974358974359,"43,6%",-0.4578754578754527,"-0,5%"
1h,PFR,1.0,dist_to_high_n_pct,low,60,0.8220283345500109,201,49.25373134328358,"49,3%",0.29850746268656536,"0,3%",69,43.47826086956522,"43,5%",-0.5693581780538253,"-0,6%"
1h,PFR,1.0,clv,low,60,0.8812527024808485,201,48.258706467661696,"48,3%",-0.6965174129353215,"-0,7%",46,43.47826086956522,"43,5%",-0.5693581780538253,"-0,6%"
1h,PFR,1.0,dist_to_sma80_pct,low,60,2.6931085911180896,201,49.25373134328358,"49,3%",0.29850746268656536,"0,3%",65,43.07692307692308,"43,1%",-0.9706959706959637,"-1,0%"
1h,PFR,1.0,ma_gap_pct,low,60,2.3195335157123287,201,48.756218905472636,"48,8%",-0.19900497512438164,"-0,2%",70,42.857142857142854,"42,9%",-1.1904761904761898,"-1,2%"
1h,PFR,1.0,new_high_event,low,10,0.0,306,47.05882352941176,"47,1%",-1.8964003511852567,"-1,9%",75,42.66666666666667,"42,7%",-1.3809523809523725,"-1,4%"
1h,PFR,1.0,new_high_event,low,15,0.0,306,47.05882352941176,"47,1%",-1.8964003511852567,"-1,9%",75,42.66666666666667,"42,7%",-1.3809523809523725,"-1,4%"
1h,PFR,1.0,new_high_event,low,20,0.0,306,47.05882352941176,"47,1%",-1.8964003511852567,"-1,9%",75,42.66666666666667,"42,7%",-1.3809523809523725,"-1,4%"
1h,PFR,1.0,new_high_event,low,25,0.0,306,47.05882352941176,"47,1%",-1.8964003511852567,"-1,9%",75,42.66666666666667,"42,7%",-1.3809523809523725,"-1,4%"
1h,PFR,1.0,new_high_event,low,30,0.0,306,47.05882352941176,"47,1%",-1.8964003511852567,"-1,9%",75,42.66666666666667,"42,7%",-1.3809523809523725,"-1,4%"
1h,PFR,1.0,new_high_event,low,40,0.0,306,47.05882352941176,"47,1%",-1.8964003511852567,"-1,9%",75,42.66666666666667,"42,7%",-1.3809523809523725,"-1,4%"
1h,PFR,1.0,new_high_event,low,50,0.0,306,47.05882352941176,"47,1%",-1.8964003511852567,"-1,9%",75,42.66666666666667,"42,7%",-1.3809523809523725,"-1,4%"
1h,PFR,1.0,new_high_event,low,60,0.0,306,47.05882352941176,"47,1%",-1.8964003511852567,"-1,9%",75,42.66666666666667,"42,7%",-1.3809523809523725,"-1,4%"
1h,PFR,1.0,atr_pct,low,50,0.7889986827085737,168,48.214285714285715,"48,2%",-0.7409381663113024,"-0,7%",71,42.25352112676056,"42,3%",-1.7940979208584835,"-1,8%"
1h,PFR,1.0,pos_in_range_n,low,60,0.8327476486346491,201,45.77114427860697,"45,8%",-3.1840796019900495,"-3,2%",45,42.22222222222222,"42,2%",-1.8253968253968225,"-1,8%"
1h,PFR,1.0,range_pct,low,60,0.8779468471786511,201,44.776119402985074,"44,8%",-4.1791044776119435,"-4,2%",64,42.1875,"42,2%",-1.860119047619044,"-1,9%"
1h,PFR,1.0,ma_gap_pct,low,50,1.5993913816953902,168,45.83333333333333,"45,8%",-3.121890547263689,"-3,1%",57,42.10526315789473,"42,1%",-1.9423558897243112,"-1,9%"
1h,PFR,1.0,range_pct,low,50,0.7406623637710296,168,46.42857142857143,"46,4%",-2.526652452025587,"-2,5%",57,42.10526315789473,"42,1%",-1.9423558897243112,"-1,9%"
1h,PFR,1.0,upper_wick,high,60,23.88000000000029,201,50.74626865671642,"50,7%",1.7910447761193993,"1,8%",69,42.028985507246375,"42,0%",-2.0186335403726687,"-2,0%"
1h,PFR,1.0,dist_to_low_n_pct,low,50,2.83064332278107,168,51.19047619047619,"51,2%",2.235252309879172,"2,2%",67,41.7910447761194,"41,8%",-2.2565742714996446,"-2,3%"
1h,PFR,1.0,atr_pct,low,40,0.6993239296137485,134,45.52238805970149,"45,5%",-3.4328358208955265,"-3,4%",60,41.66666666666667,"41,7%",-2.3809523809523725,"-2,4%"
1h,PFR,1.0,ret_5_pct,low,50,0.4999984066335061,168,50.595238095238095,"50,6%",1.6400142146410772,"1,6%",53,41.509433962264154,"41,5%",-2.5381850853548897,"-2,5%"
1h,PFR,1.0,dist_to_high_n_pct,low,40,0.5961590844059823,134,54.47761194029851,"54,5%",5.522388059701491,"5,5%",53,41.509433962264154,"41,5%",-2.5381850853548897,"-2,5%"
1h,PFR,1.0,slope_strength,low,40,0.09989787672552572,134,45.52238805970149,"45,5%",-3.4328358208955265,"-3,4%",41,41.46341463414634,"41,5%",-2.5842044134727047,"-2,6%"
1h,PFR,1.0,ret_5_pct,low,40,0.3557496330426346,134,49.25373134328358,"49,3%",0.29850746268656536,"0,3%",41,41.46341463414634,"41,5%",-2.5842044134727047,"-2,6%"
1h,PFR,1.0,slope_strength,low,50,0.1246828228118962,168,45.83333333333333,"45,8%",-3.121890547263689,"-3,1%",54,40.74074074074074,"40,7%",-3.3068783068783034,"-3,3%"
1h,PFR,1.0,slope_strength,low,60,0.1541907787819646,201,46.26865671641791,"46,3%",-2.6865671641791096,"-2,7%",59,40.67796610169492,"40,7%",-3.3696529459241233,"-3,4%"
1h,PFR,1.0,dist_to_sma80_pct,low,40,1.764854513529142,134,44.776119402985074,"44,8%",-4.1791044776119435,"-4,2%",52,40.38461538461539,"40,4%",-3.663003663003657,"-3,7%"
1h,PFR,1.0,dist_to_sma80_pct,low,50,2.1761291888046275,168,48.214285714285715,"48,2%",-0.7409381663113024,"-0,7%",62,40.32258064516129,"40,3%",-3.7250384024577556,"-3,7%"
1h,PFR,1.0,ret_5_pct,low,60,0.7030735489295115,201,49.25373134328358,"49,3%",0.29850746268656536,"0,3%",63,39.682539682539684,"39,7%",-4.36507936507936,"-4,4%"
1h,PFR,1.0,rsi,low,60,64.68460654806239,201,48.258706467661696,"48,3%",-0.6965174129353215,"-0,7%",58,39.6551724137931,"39,7%",-4.392446633825941,"-4,4%"
1h,PFR,1.0,ma_gap_pct,low,40,1.2642485918667825,134,44.02985074626866,"44,0%",-4.92537313432836,"-4,9%",44,38.63636363636363,"38,6%",-5.411255411255411,"-5,4%"
1h,PFR,1.0,vol_z,low,60,-0.035808999640737964,201,42.78606965174129,"42,8%",-6.169154228855724,"-6,2%",50,38.0,"38,0%",-6.047619047619044,"-6,0%"
1h,PFR,1.0,bars_since_new_high,high,50,3.0,207,50.24154589371981,"50,2%",1.286322013122792,"1,3%",58,37.93103448275862,"37,9%",-6.116584564860425,"-6,1%"
1h,PFR,1.0,bars_since_new_high,high,60,3.0,207,50.24154589371981,"50,2%",1.286322013122792,"1,3%",58,37.93103448275862,"37,9%",-6.116584564860425,"-6,1%"
1h,PFR,1.0,context_bars_since_extreme,high,50,3.0,207,50.24154589371981,"50,2%",1.286322013122792,"1,3%",58,37.93103448275862,"37,9%",-6.116584564860425,"-6,1%"
1h,PFR,1.0,context_bars_since_extreme,high,60,3.0,207,50.24154589371981,"50,2%",1.286322013122792,"1,3%",58,37.93103448275862,"37,9%",-6.116584564860425,"-6,1%"
1h,PFR,1.0,body_pct,low,50,0.2500603593970958,168,45.23809523809524,"45,2%",-3.717128642501777,"-3,7%",45,37.77777777777778,"37,8%",-6.269841269841265,"-6,3%"
1h,PFR,1.0,ret_1_pct,low,50,0.2506872287823425,168,45.23809523809524,"45,2%",-3.717128642501777,"-3,7%",45,37.77777777777778,"37,8%",-6.269841269841265,"-6,3%"
1h,PFR,1.0,body_pct,low,60,0.3245957596685467,201,45.77114427860697,"45,8%",-3.1840796019900495,"-3,2%",56,37.5,"37,5%",-6.547619047619044,"-6,5%"
1h,PFR,1.0,ret_1_pct,low,60,0.3256528250018719,201,45.77114427860697,"45,8%",-3.1840796019900495,"-3,2%",56,37.5,"37,5%",-6.547619047619044,"-6,5%"
1h,PFR,1.0,bars_since_new_high,high,40,4.0,164,47.5609756097561,"47,6%",-1.3942482708409187,"-1,4%",47,36.17021276595745,"36,2%",-7.877406281661592,"-7,9%"
1h,PFR,1.0,context_bars_since_extreme,high,40,4.0,164,47.5609756097561,"47,6%",-1.3942482708409187,"-1,4%",47,36.17021276595745,"36,2%",-7.877406281661592,"-7,9%"
1h,PFR,1.0,range_pct,low,40,0.6220451570452872,134,46.26865671641791,"46,3%",-2.6865671641791096,"-2,7%",45,35.55555555555556,"35,6%",-8.492063492063487,"-8,5%"
1h,PFR,1.0,rsi,low,50,62.19126365909192,168,50.0,"50,0%",1.0447761194029823,"1,0%",48,35.41666666666667,"35,4%",-8.630952380952372,"-8,6%"
1h,PFR,1.0,ret_3_pct,low,60,0.13271201002746033,201,48.756218905472636,"48,8%",-0.19900497512438164,"-0,2%",49,34.69387755102041,"34,7%",-9.353741496598637,"-9,4%"
1h,PFR,1.0,ret_3_pct,low,50,0.0350147402876643,168,51.19047619047619,"51,2%",2.235252309879172,"2,2%",40,32.5,"32,5%",-11.547619047619044,"-11,5%"
1h,PFR,1.5,rsi,high,60,60.10552793579742,193,38.860103626943,"38,9%",-2.754803205355138,"-2,8%",49,42.857142857142854,"42,9%",8.289241622574956,"8,3%"
1h,PFR,1.5,ret_3_pct,high,50,0.03504091594248575,161,40.993788819875775,"41,0%",-0.6211180124223645,"-0,6%",43,41.86046511627907,"41,9%",7.292563881711175,"7,3%"
1h,PFR,1.5,pullback_from_new_high_atr,low,50,1.053029914424444,161,40.993788819875775,"41,0%",-0.6211180124223645,"-0,6%",46,41.30434782608695,"41,3%",6.736446591519055,"6,7%"
1h,PFR,1.5,context_pullback_atr,low,50,1.053029914424444,161,40.993788819875775,"41,0%",-0.6211180124223645,"-0,6%",46,41.30434782608695,"41,3%",6.736446591519055,"6,7%"
1h,PFR,1.5,pullback_from_new_high_atr,low,60,1.2590976263064255,193,38.860103626943,"38,9%",-2.754803205355138,"-2,8%",51,39.21568627450981,"39,2%",4.647785039941908,"4,6%"
1h,PFR,1.5,context_pullback_atr,low,60,1.2590976263064255,193,38.860103626943,"38,9%",-2.754803205355138,"-2,8%",51,39.21568627450981,"39,2%",4.647785039941908,"4,6%"
1h,PFR,1.5,vol_z,high,60,-0.44532497812743205,193,44.04145077720207,"44,0%",2.4265439449039334,"2,4%",57,38.59649122807017,"38,6%",4.028589993502273,"4,0%"
1h,PFR,1.5,pos_in_range_n,high,50,0.7905788885737002,161,41.61490683229814,"41,6%",0.0,"0,0%",47,38.297872340425535,"38,3%",3.7299711058576364,"3,7%"
1h,PFR,1.5,bars_since_new_high,low,60,4.0,199,39.698492462311556,"39,7%",-1.9164143699865832,"-1,9%",47,38.297872340425535,"38,3%",3.7299711058576364,"3,7%"
1h,PFR,1.5,context_bars_since_extreme,low,60,4.0,199,39.698492462311556,"39,7%",-1.9164143699865832,"-1,9%",47,38.297872340425535,"38,3%",3.7299711058576364,"3,7%"
1h,PFR,1.5,pos_in_range_n,high,60,0.7511204481792714,193,41.45077720207254,"41,5%",-0.16412963022560234,"-0,2%",55,38.18181818181819,"38,2%",3.6139169472502886,"3,6%"
1h,PFR,1.5,pullback_from_new_high_pct,low,40,0.7096803536979354,129,41.86046511627907,"41,9%",0.24555828398093382,"0,2%",53,37.735849056603776,"37,7%",3.1679478220358774,"3,2%"
1h,PFR,1.5,context_pullback_pct,low,40,0.7096803536979354,129,41.86046511627907,"41,9%",0.24555828398093382,"0,2%",53,37.735849056603776,"37,7%",3.1679478220358774,"3,2%"
1h,PFR,1.5,pullback_from_new_high_pct,low,60,0.9324217876309937,193,40.41450777202073,"40,4%",-1.2003990602774124,"-1,2%",61,37.704918032786885,"37,7%",3.137016798218987,"3,1%"
1h,PFR,1.5,context_pullback_pct,low,60,0.9324217876309937,193,40.41450777202073,"40,4%",-1.2003990602774124,"-1,2%",61,37.704918032786885,"37,7%",3.137016798218987,"3,1%"
1h,PFR,1.5,body,high,50,80.70000000000073,161,47.20496894409938,"47,2%",5.590062111801238,"5,6%",69,37.68115942028986,"37,7%",3.1132581857219606,"3,1%"
1h,PFR,1.5,lower_wick,high,40,143.8,129,41.08527131782946,"41,1%",-0.52963551446868,"-0,5%",56,37.5,"37,5%",2.9320987654321016,"2,9%"
1h,PFR,1.5,slope_strength,high,60,0.10149616353194678,193,42.487046632124354,"42,5%",0.8721397998262148,"0,9%",40,37.5,"37,5%",2.9320987654321016,"2,9%"
1h,PFR,1.5,upper_wick_pct,high,60,0.08054750629713014,193,41.45077720207254,"41,5%",-0.16412963022560234,"-0,2%",40,37.5,"37,5%",2.9320987654321016,"2,9%"
1h,PFR,1.5,pullback_from_new_high_pct,low,50,0.810380194633018,161,38.50931677018634,"38,5%",-3.1055900621118013,"-3,1%",59,37.28813559322034,"37,3%",2.7202343586524407,"2,7%"
1h,PFR,1.5,context_pullback_pct,low,50,0.810380194633018,161,38.50931677018634,"38,5%",-3.1055900621118013,"-3,1%",59,37.28813559322034,"37,3%",2.7202343586524407,"2,7%"
1h,PFR,1.5,after_new_high_recent_flag,high,10,1.0,215,33.02325581395349,"33,0%",-8.591651018344649,"-8,6%",51,37.254901960784316,"37,3%",2.687000726216418,"2,7%"
1h,PFR,1.5,after_new_high_recent_flag,high,15,1.0,215,33.02325581395349,"33,0%",-8.591651018344649,"-8,6%",51,37.254901960784316,"37,3%",2.687000726216418,"2,7%"
1h,PFR,1.5,after_new_high_recent_flag,high,20,1.0,215,33.02325581395349,"33,0%",-8.591651018344649,"-8,6%",51,37.254901960784316,"37,3%",2.687000726216418,"2,7%"
1h,PFR,1.5,after_new_high_recent_flag,high,25,1.0,215,33.02325581395349,"33,0%",-8.591651018344649,"-8,6%",51,37.254901960784316,"37,3%",2.687000726216418,"2,7%"
1h,PFR,1.5,after_new_high_recent_flag,high,30,1.0,215,33.02325581395349,"33,0%",-8.591651018344649,"-8,6%",51,37.254901960784316,"37,3%",2.687000726216418,"2,7%"
1h,PFR,1.5,after_new_high_recent_flag,high,40,1.0,215,33.02325581395349,"33,0%",-8.591651018344649,"-8,6%",51,37.254901960784316,"37,3%",2.687000726216418,"2,7%"
1h,PFR,1.5,after_new_high_recent_flag,high,50,1.0,215,33.02325581395349,"33,0%",-8.591651018344649,"-8,6%",51,37.254901960784316,"37,3%",2.687000726216418,"2,7%"
1h,PFR,1.5,after_new_high_recent_flag,high,60,1.0,215,33.02325581395349,"33,0%",-8.591651018344649,"-8,6%",51,37.254901960784316,"37,3%",2.687000726216418,"2,7%"
1h,PFR,1.5,context_after_extreme_flag_v2,high,10,1.0,215,33.02325581395349,"33,0%",-8.591651018344649,"-8,6%",51,37.254901960784316,"37,3%",2.687000726216418,"2,7%"
1h,PFR,1.5,context_after_extreme_flag_v2,high,15,1.0,215,33.02325581395349,"33,0%",-8.591651018344649,"-8,6%",51,37.254901960784316,"37,3%",2.687000726216418,"2,7%"
1h,PFR,1.5,context_after_extreme_flag_v2,high,20,1.0,215,33.02325581395349,"33,0%",-8.591651018344649,"-8,6%",51,37.254901960784316,"37,3%",2.687000726216418,"2,7%"
1h,PFR,1.5,context_after_extreme_flag_v2,high,25,1.0,215,33.02325581395349,"33,0%",-8.591651018344649,"-8,6%",51,37.254901960784316,"37,3%",2.687000726216418,"2,7%"
1h,PFR,1.5,context_after_extreme_flag_v2,high,30,1.0,215,33.02325581395349,"33,0%",-8.591651018344649,"-8,6%",51,37.254901960784316,"37,3%",2.687000726216418,"2,7%"
1h,PFR,1.5,context_after_extreme_flag_v2,high,40,1.0,215,33.02325581395349,"33,0%",-8.591651018344649,"-8,6%",51,37.254901960784316,"37,3%",2.687000726216418,"2,7%"
1h,PFR,1.5,context_after_extreme_flag_v2,high,50,1.0,215,33.02325581395349,"33,0%",-8.591651018344649,"-8,6%",51,37.254901960784316,"37,3%",2.687000726216418,"2,7%"
1h,PFR,1.5,context_after_extreme_flag_v2,high,60,1.0,215,33.02325581395349,"33,0%",-8.591651018344649,"-8,6%",51,37.254901960784316,"37,3%",2.687000726216418,"2,7%"
1h,PFR,1.5,lower_wick,high,60,81.76000000000059,193,41.968911917098445,"42,0%",0.35400508480030624,"0,4%",70,37.142857142857146,"37,1%",2.5749559082892475,"2,6%"
1h,PFR,1.5,body,high,40,110.94000000000086,129,48.837209302325576,"48,8%",7.2223024700274365,"7,2%",62,37.096774193548384,"37,1%",2.528872958980486,"2,5%"
1h,PFR,1.5,body,high,60,54.7,193,46.63212435233161,"46,6%",5.017217520033469,"5,0%",73,36.986301369863014,"37,0%",2.4184001352951157,"2,4%"
1h,PFR,1.5,upper_wick_pct,low,60,0.13143585046875164,193,39.89637305699482,"39,9%",-1.718533775303321,"-1,7%",57,36.84210526315789,"36,8%",2.274204028589992,"2,3%"
1h,PFR,1.5,clv,high,60,0.8267522553782096,193,42.487046632124354,"42,5%",0.8721397998262148,"0,9%",52,36.53846153846153,"36,5%",1.9705603038936346,"2,0%"
1h,PFR,1.5,clv,high,50,0.8576296033401979,161,40.993788819875775,"41,0%",-0.6211180124223645,"-0,6%",44,36.36363636363637,"36,4%",1.7957351290684684,"1,8%"
1h,PFR,1.5,body_pct,high,60,0.18072295896955215,193,45.59585492227979,"45,6%",3.980948089981652,"4,0%",47,36.17021276595745,"36,2%",1.602311531389553,"1,6%"
1h,PFR,1.5,ret_1_pct,high,60,0.18105016111102046,193,45.59585492227979,"45,6%",3.980948089981652,"4,0%",47,36.17021276595745,"36,2%",1.602311531389553,"1,6%"
1h,PFR,1.5,vol_z,high,50,-0.267521786853665,161,45.962732919254655,"46,0%",4.347826086956516,"4,3%",47,36.17021276595745,"36,2%",1.602311531389553,"1,6%"
1h,PFR,1.5,upper_wick_pct,low,50,0.10626524120027314,161,40.993788819875775,"41,0%",-0.6211180124223645,"-0,6%",53,35.84905660377358,"35,8%",1.2811553692056847,"1,3%"
1h,PFR,1.5,ret_3_pct,high,60,-0.03358373133058643,193,42.487046632124354,"42,5%",0.8721397998262148,"0,9%",53,35.84905660377358,"35,8%",1.2811553692056847,"1,3%"
1h,PFR,1.5,clv,low,60,0.8816585081612031,193,42.487046632124354,"42,5%",0.8721397998262148,"0,9%",45,35.55555555555556,"35,6%",0.9876543209876587,"1,0%"
1h,PFR,1.5,lower_wick,high,50,110.5,161,42.857142857142854,"42,9%",1.2422360248447148,"1,2%",65,35.38461538461539,"35,4%",0.8167141500474884,"0,8%"
1h,PFR,1.5,ret_5_pct,high,60,0.35768098894303435,193,38.34196891191709,"38,3%",-3.2729379203810467,"-3,3%",40,35.0,"35,0%",0.4320987654321016,"0,4%"
1h,PFR,1.5,range,high,50,267.75,161,42.857142857142854,"42,9%",1.2422360248447148,"1,2%",72,34.72222222222222,"34,7%",0.154320987654323,"0,2%"
1h,PFR,1.5,upper_wick,high,40,46.41999999999971,129,42.63565891472868,"42,6%",1.0207520824305405,"1,0%",49,34.69387755102041,"34,7%",0.12597631645250829,"0,1%"
1h,PFR,1.5,atr,high,50,314.05268314215675,161,42.857142857142854,"42,9%",1.2422360248447148,"1,2%",78,34.61538461538461,"34,6%",0.04748338081671477,"0,0%"
1h,PFR,1.5,range,high,60,214.8,193,45.59585492227979,"45,6%",3.980948089981652,"4,0%",78,34.61538461538461,"34,6%",0.04748338081671477,"0,0%"
1h,PFR,1.5,sma8,high,40,41065.625,129,44.18604651162791,"44,2%",2.571139679329768,"2,6%",81,34.5679012345679,"34,6%",0.0,"0,0%"
1h,PFR,1.5,sma8,high,50,35706.51875,161,45.3416149068323,"45,3%",3.7267080745341588,"3,7%",81,34.5679012345679,"34,6%",0.0,"0,0%"
1h,PFR,1.5,sma8,high,60,28121.705,193,46.63212435233161,"46,6%",5.017217520033469,"5,0%",81,34.5679012345679,"34,6%",0.0,"0,0%"
1h,PFR,1.5,sma80,high,40,39512.4475,129,44.18604651162791,"44,2%",2.571139679329768,"2,6%",81,34.5679012345679,"34,6%",0.0,"0,0%"
1h,PFR,1.5,sma80,high,50,34661.965625,161,45.3416149068323,"45,3%",3.7267080745341588,"3,7%",81,34.5679012345679,"34,6%",0.0,"0,0%"
1h,PFR,1.5,sma80,high,60,27405.479000000003,193,46.1139896373057,"46,1%",4.499082805007561,"4,5%",81,34.5679012345679,"34,6%",0.0,"0,0%"
1h,PFR,1.5,atr,high,60,237.07132522272954,193,43.523316062176164,"43,5%",1.9084092298780249,"1,9%",81,34.5679012345679,"34,6%",0.0,"0,0%"
1h,PFR,1.5,rolling_high_20,high,40,41661.9,129,44.96124031007752,"45,0%",3.346333477779382,"3,3%",81,34.5679012345679,"34,6%",0.0,"0,0%"
1h,PFR,1.5,rolling_high_20,high,50,36594.0,161,45.3416149068323,"45,3%",3.7267080745341588,"3,7%",81,34.5679012345679,"34,6%",0.0,"0,0%"
1h,PFR,1.5,rolling_high_20,high,60,28463.18,193,46.63212435233161,"46,6%",5.017217520033469,"5,0%",81,34.5679012345679,"34,6%",0.0,"0,0%"
1h,PFR,1.5,rolling_low_20,high,40,39139.0,129,44.18604651162791,"44,2%",2.571139679329768,"2,6%",81,34.5679012345679,"34,6%",0.0,"0,0%"
1h,PFR,1.5,rolling_low_20,high,50,33861.0,161,45.962732919254655,"46,0%",4.347826086956516,"4,3%",81,34.5679012345679,"34,6%",0.0,"0,0%"
1h,PFR,1.5,rolling_low_20,high,60,27166.68,193,46.63212435233161,"46,6%",5.017217520033469,"5,0%",81,34.5679012345679,"34,6%",0.0,"0,0%"
1h,PFR,1.5,new_high_event,high,10,0.0,322,41.61490683229814,"41,6%",0.0,"0,0%",81,34.5679012345679,"34,6%",0.0,"0,0%"
1h,PFR,1.5,new_high_event,high,15,0.0,322,41.61490683229814,"41,6%",0.0,"0,0%",81,34.5679012345679,"34,6%",0.0,"0,0%"
1h,PFR,1.5,new_high_event,high,20,0.0,322,41.61490683229814,"41,6%",0.0,"0,0%",81,34.5679012345679,"34,6%",0.0,"0,0%"
1h,PFR,1.5,new_high_event,high,25,0.0,322,41.61490683229814,"41,6%",0.0,"0,0%",81,34.5679012345679,"34,6%",0.0,"0,0%"
1h,PFR,1.5,new_high_event,high,30,0.0,322,41.61490683229814,"41,6%",0.0,"0,0%",81,34.5679012345679,"34,6%",0.0,"0,0%"
1h,PFR,1.5,new_high_event,high,40,0.0,322,41.61490683229814,"41,6%",0.0,"0,0%",81,34.5679012345679,"34,6%",0.0,"0,0%"
1h,PFR,1.5,new_high_event,high,50,0.0,322,41.61490683229814,"41,6%",0.0,"0,0%",81,34.5679012345679,"34,6%",0.0,"0,0%"
1h,PFR,1.5,new_high_event,high,60,0.0,322,41.61490683229814,"41,6%",0.0,"0,0%",81,34.5679012345679,"34,6%",0.0,"0,0%"
1h,PFR,1.5,last_new_high,high,40,41739.7,129,44.96124031007752,"45,0%",3.346333477779382,"3,3%",81,34.5679012345679,"34,6%",0.0,"0,0%"
1h,PFR,1.5,last_new_high,high,50,37107.75,161,44.72049689440994,"44,7%",3.1055900621118013,"3,1%",81,34.5679012345679,"34,6%",0.0,"0,0%"
1h,PFR,1.5,last_new_high,high,60,28463.18,193,46.63212435233161,"46,6%",5.017217520033469,"5,0%",81,34.5679012345679,"34,6%",0.0,"0,0%"
1h,PFR,1.5,after_new_high_recent_flag,low,40,1.0,322,41.61490683229814,"41,6%",0.0,"0,0%",81,34.5679012345679,"34,6%",0.0,"0,0%"
1h,PFR,1.5,after_new_high_recent_flag,low,50,1.0,322,41.61490683229814,"41,6%",0.0,"0,0%",81,34.5679012345679,"34,6%",0.0,"0,0%"
1h,PFR,1.5,after_new_high_recent_flag,low,60,1.0,322,41.61490683229814,"41,6%",0.0,"0,0%",81,34.5679012345679,"34,6%",0.0,"0,0%"
1h,PFR,1.5,context_after_extreme_flag_v2,low,40,1.0,322,41.61490683229814,"41,6%",0.0,"0,0%",81,34.5679012345679,"34,6%",0.0,"0,0%"
1h,PFR,1.5,context_after_extreme_flag_v2,low,50,1.0,322,41.61490683229814,"41,6%",0.0,"0,0%",81,34.5679012345679,"34,6%",0.0,"0,0%"
1h,PFR,1.5,context_after_extreme_flag_v2,low,60,1.0,322,41.61490683229814,"41,6%",0.0,"0,0%",81,34.5679012345679,"34,6%",0.0,"0,0%"
1h,PFR,1.5,range,high,40,353.29999999999995,129,44.18604651162791,"44,2%",2.571139679329768,"2,6%",61,34.42622950819672,"34,4%",-0.14167172637117886,"-0,1%"
1h,PFR,1.5,dist_to_high_n_pct,low,50,0.7214983506230532,161,43.47826086956522,"43,5%",1.8633540372670794,"1,9%",61,34.42622950819672,"34,4%",-0.14167172637117886,"-0,1%"
1h,PFR,1.5,dist_to_high_n_pct,low,60,0.8189122060201598,193,41.45077720207254,"41,5%",-0.16412963022560234,"-0,2%",67,34.32835820895522,"34,3%",-0.23954302561267582,"-0,2%"
1h,PFR,1.5,atr,high,40,384.2181694364948,129,41.86046511627907,"41,9%",0.24555828398093382,"0,2%",70,34.285714285714285,"34,3%",-0.28218694885361373,"-0,3%"
1h,PFR,1.5,ret_5_pct,low,40,0.35768098894303435,129,46.51162790697674,"46,5%",4.896721074678602,"4,9%",41,34.146341463414636,"34,1%",-0.4215597711532624,"-0,4%"
1h,PFR,1.5,lower_wick_pct,low,50,0.29260307779147143,161,45.962732919254655,"46,0%",4.347826086956516,"4,3%",53,33.9622641509434,"34,0%",-0.6056370836245009,"-0,6%"
1h,PFR,1.5,slope_strength,low,60,0.15581070944141034,193,40.932642487046635,"40,9%",-0.6822643452515038,"-0,7%",56,33.92857142857143,"33,9%",-0.6393298059964678,"-0,6%"
1h,PFR,1.5,atr_pct,low,60,0.8919087537813836,193,44.04145077720207,"44,0%",2.4265439449039334,"2,4%",74,33.78378378378378,"33,8%",-0.784117450784116,"-0,8%"
1h,PFR,1.5,new_high_event,low,10,0.0,295,39.32203389830509,"39,3%",-2.2928729339930527,"-2,3%",72,33.33333333333333,"33,3%",-1.2345679012345698,"-1,2%"
1h,PFR,1.5,new_high_event,low,15,0.0,295,39.32203389830509,"39,3%",-2.2928729339930527,"-2,3%",72,33.33333333333333,"33,3%",-1.2345679012345698,"-1,2%"
1h,PFR,1.5,new_high_event,low,20,0.0,295,39.32203389830509,"39,3%",-2.2928729339930527,"-2,3%",72,33.33333333333333,"33,3%",-1.2345679012345698,"-1,2%"
1h,PFR,1.5,new_high_event,low,25,0.0,295,39.32203389830509,"39,3%",-2.2928729339930527,"-2,3%",72,33.33333333333333,"33,3%",-1.2345679012345698,"-1,2%"
1h,PFR,1.5,new_high_event,low,30,0.0,295,39.32203389830509,"39,3%",-2.2928729339930527,"-2,3%",72,33.33333333333333,"33,3%",-1.2345679012345698,"-1,2%"
1h,PFR,1.5,new_high_event,low,40,0.0,295,39.32203389830509,"39,3%",-2.2928729339930527,"-2,3%",72,33.33333333333333,"33,3%",-1.2345679012345698,"-1,2%"
1h,PFR,1.5,new_high_event,low,50,0.0,295,39.32203389830509,"39,3%",-2.2928729339930527,"-2,3%",72,33.33333333333333,"33,3%",-1.2345679012345698,"-1,2%"
1h,PFR,1.5,new_high_event,low,60,0.0,295,39.32203389830509,"39,3%",-2.2928729339930527,"-2,3%",72,33.33333333333333,"33,3%",-1.2345679012345698,"-1,2%"
1h,PFR,1.5,dist_to_low_n_pct,low,60,3.3031564169967442,193,43.523316062176164,"43,5%",1.9084092298780249,"1,9%",69,33.33333333333333,"33,3%",-1.2345679012345698,"-1,2%"
1h,PFR,1.5,upper_wick,high,50,32.0,163,42.331288343558285,"42,3%",0.7163815112601455,"0,7%",60,33.33333333333333,"33,3%",-1.2345679012345698,"-1,2%"
1h,PFR,1.5,dist_to_high_n_pct,low,40,0.5972368707486417,129,45.73643410852713,"45,7%",4.1215272762289885,"4,1%",51,33.33333333333333,"33,3%",-1.2345679012345698,"-1,2%"
1h,PFR,1.5,lower_wick_pct,low,60,0.3426958839283675,193,44.04145077720207,"44,0%",2.4265439449039334,"2,4%",64,32.8125,"32,8%",-1.7554012345678984,"-1,8%"
1h,PFR,1.5,dist_to_low_n_pct,low,50,2.8161602207227485,161,43.47826086956522,"43,5%",1.8633540372670794,"1,9%",64,32.8125,"32,8%",-1.7554012345678984,"-1,8%"
1h,PFR,1.5,range_pct,low,60,0.8847204040668963,193,40.41450777202073,"40,4%",-1.2003990602774124,"-1,2%",61,32.78688524590164,"32,8%",-1.7810159886662618,"-1,8%"
1h,PFR,1.5,range_pct,low,50,0.7406220065841391,161,40.993788819875775,"41,0%",-0.6211180124223645,"-0,6%",55,32.72727272727273,"32,7%",-1.8406285072951718,"-1,8%"
1h,PFR,1.5,slope_strength,low,50,0.12608123173678304,161,41.61490683229814,"41,6%",0.0,"0,0%",52,32.69230769230769,"32,7%",-1.875593542260205,"-1,9%"
1h,PFR,1.5,ret_5_pct,low,50,0.5015715303607782,161,47.20496894409938,"47,2%",5.590062111801238,"5,6%",53,32.075471698113205,"32,1%",-2.4924295364546936,"-2,5%"
1h,PFR,1.5,pullback_from_new_high_atr,high,60,0.8585152646223818,193,40.932642487046635,"40,9%",-0.6822643452515038,"-0,7%",44,31.818181818181817,"31,8%",-2.749719416386082,"-2,7%"
1h,PFR,1.5,context_pullback_atr,high,60,0.8585152646223818,193,40.932642487046635,"40,9%",-0.6822643452515038,"-0,7%",44,31.818181818181817,"31,8%",-2.749719416386082,"-2,7%"
1h,PFR,1.5,dist_to_sma80_pct,low,60,2.6754192802728127,193,43.005181347150256,"43,0%",1.3902745148521163,"1,4%",63,31.746031746031743,"31,7%",-2.821869488536155,"-2,8%"
1h,PFR,1.5,slope_strength,low,40,0.10149616353194678,129,40.310077519379846,"40,3%",-1.3048293129182937,"-1,3%",41,31.70731707317073,"31,7%",-2.860584161397167,"-2,9%"
1h,PFR,1.5,upper_wick_pct,low,40,0.08054750629713014,129,41.86046511627907,"41,9%",0.24555828398093382,"0,2%",41,31.70731707317073,"31,7%",-2.860584161397167,"-2,9%"
1h,PFR,1.5,rsi,low,60,64.50795143334865,193,41.45077720207254,"41,5%",-0.16412963022560234,"-0,2%",54,31.48148148148148,"31,5%",-3.0864197530864175,"-3,1%"
1h,PFR,1.5,body_pct,low,60,0.3250041466783582,193,38.34196891191709,"38,3%",-3.2729379203810467,"-3,3%",54,31.48148148148148,"31,5%",-3.0864197530864175,"-3,1%"
1h,PFR,1.5,ret_1_pct,low,60,0.32606387787439844,193,38.34196891191709,"38,3%",-3.2729379203810467,"-3,3%",54,31.48148148148148,"31,5%",-3.0864197530864175,"-3,1%"
1h,PFR,1.5,upper_wick,high,60,23.820000000000437,193,41.968911917098445,"42,0%",0.35400508480030624,"0,4%",67,31.343283582089555,"31,3%",-3.2246176524783436,"-3,2%"
1h,PFR,1.5,dist_to_low_n_pct,low,40,2.4122253170444536,129,43.41085271317829,"43,4%",1.7959458808801543,"1,8%",48,31.25,"31,2%",-3.3179012345678984,"-3,3%"
1h,PFR,1.5,ma_gap_pct,low,50,1.5950859754375375,161,38.50931677018634,"38,5%",-3.1055900621118013,"-3,1%",55,30.909090909090907,"30,9%",-3.658810325476992,"-3,7%"
1h,PFR,1.5,ma_gap_pct,low,60,2.302504615757065,193,41.968911917098445,"42,0%",0.35400508480030624,"0,4%",68,30.88235294117647,"30,9%",-3.6855482933914274,"-3,7%"
1h,PFR,1.5,atr_pct,low,50,0.7849868809863159,161,44.099378881987576,"44,1%",2.484472049689437,"2,5%",68,30.88235294117647,"30,9%",-3.6855482933914274,"-3,7%"
1h,PFR,1.5,ret_5_pct,low,60,0.7104765559729342,193,44.559585492227974,"44,6%",2.944678659929835,"2,9%",62,30.64516129032258,"30,6%",-3.9227399442453184,"-3,9%"
1h,PFR,1.5,lower_wick_pct,low,40,0.2343007158217586,129,41.86046511627907,"41,9%",0.24555828398093382,"0,2%",46,30.434782608695656,"30,4%",-4.1331186258722425,"-4,1%"
1h,PFR,1.5,body_pct,low,50,0.2455680144533141,161,38.50931677018634,"38,5%",-3.1055900621118013,"-3,1%",43,30.23255813953488,"30,2%",-4.335343095033018,"-4,3%"
1h,PFR,1.5,ret_1_pct,low,50,0.24617261926371808,161,38.50931677018634,"38,5%",-3.1055900621118013,"-3,1%",43,30.23255813953488,"30,2%",-4.335343095033018,"-4,3%"
1h,PFR,1.5,atr_pct,low,40,0.7033326947936847,129,42.63565891472868,"42,6%",1.0207520824305405,"1,0%",60,30.0,"30,0%",-4.567901234567898,"-4,6%"
1h,PFR,1.5,dist_to_sma80_pct,low,40,1.7620429127982447,129,38.759689922480625,"38,8%",-2.855216909817514,"-2,9%",50,30.0,"30,0%",-4.567901234567898,"-4,6%"
1h,PFR,1.5,vol_z,low,60,-0.05397099774138075,193,37.82383419689119,"37,8%",-3.791072635406948,"-3,8%",47,29.78723404255319,"29,8%",-4.7806671920147075,"-4,8%"
1h,PFR,1.5,bars_since_new_high,high,50,3.0,197,43.14720812182741,"43,1%",1.532301289529272,"1,5%",55,29.09090909090909,"29,1%",-5.4769921436588085,"-5,5%"
1h,PFR,1.5,bars_since_new_high,high,60,3.0,197,43.14720812182741,"43,1%",1.532301289529272,"1,5%",55,29.09090909090909,"29,1%",-5.4769921436588085,"-5,5%"
1h,PFR,1.5,context_bars_since_extreme,high,50,3.0,197,43.14720812182741,"43,1%",1.532301289529272,"1,5%",55,29.09090909090909,"29,1%",-5.4769921436588085,"-5,5%"
1h,PFR,1.5,context_bars_since_extreme,high,60,3.0,197,43.14720812182741,"43,1%",1.532301289529272,"1,5%",55,29.09090909090909,"29,1%",-5.4769921436588085,"-5,5%"
1h,PFR,1.5,dist_to_sma80_pct,low,50,2.1485161420916756,161,41.61490683229814,"41,6%",0.0,"0,0%",59,28.8135593220339,"28,8%",-5.754341912533999,"-5,8%"
1h,PFR,1.5,bars_since_new_high,high,40,4.0,157,42.675159235668794,"42,7%",1.0602524033706544,"1,1%",46,28.26086956521739,"28,3%",-6.307031669350508,"-6,3%"
1h,PFR,1.5,context_bars_since_extreme,high,40,4.0,157,42.675159235668794,"42,7%",1.0602524033706544,"1,1%",46,28.26086956521739,"28,3%",-6.307031669350508,"-6,3%"
1h,PFR,1.5,ret_3_pct,low,60,0.13271331832459318,193,40.41450777202073,"40,4%",-1.2003990602774124,"-1,2%",47,27.659574468085108,"27,7%",-6.908326766482791,"-6,9%"
1h,PFR,1.5,pos_in_range_n,low,60,0.8307747311717052,193,38.860103626943,"38,9%",-2.754803205355138,"-2,8%",44,27.27272727272727,"27,3%",-7.295173961840629,"-7,3%"
1h,PFR,1.5,range_pct,low,40,0.6178358923885037,129,41.08527131782946,"41,1%",-0.52963551446868,"-0,5%",45,26.666666666666668,"26,7%",-7.901234567901231,"-7,9%"
1h,PFR,1.5,ma_gap_pct,low,40,1.244609206256271,129,38.759689922480625,"38,8%",-2.855216909817514,"-2,9%",42,26.190476190476193,"26,2%",-8.377425044091705,"-8,4%"
1h,PFR,1.5,rsi,low,50,62.06400356432208,161,42.2360248447205,"42,2%",0.6211180124223574,"0,6%",45,24.444444444444443,"24,4%",-10.123456790123456,"-10,1%"
1h,PFR,2.0,rsi,high,60,60.02982140081139,187,30.481283422459892,"30,5%",-4.4546140134375385,"-4,5%",47,40.42553191489361,"40,4%",9.656301145662841,"9,7%"
1h,PFR,2.0,pullback_from_new_high_atr,low,50,1.0478573574500691,156,33.33333333333333,"33,3%",-1.6025641025641022,"-1,6%",43,39.53488372093023,"39,5%",8.765652951699462,"8,8%"
1h,PFR,2.0,context_pullback_atr,low,50,1.0478573574500691,156,33.33333333333333,"33,3%",-1.6025641025641022,"-1,6%",43,39.53488372093023,"39,5%",8.765652951699462,"8,8%"
1h,PFR,2.0,ret_3_pct,high,50,0.0338930526985414,156,33.33333333333333,"33,3%",-1.6025641025641022,"-1,6%",42,38.095238095238095,"38,1%",7.326007326007325,"7,3%"
1h,PFR,2.0,pos_in_range_n,high,50,0.7900873322345376,156,33.33333333333333,"33,3%",-1.6025641025641022,"-1,6%",46,36.95652173913043,"37,0%",6.18729096989966,"6,2%"
1h,PFR,2.0,pullback_from_new_high_atr,low,60,1.2590976263064255,187,31.016042780748666,"31,0%",-3.9198546551487645,"-3,9%",49,36.734693877551024,"36,7%",5.965463108320254,"6,0%"
1h,PFR,2.0,context_pullback_atr,low,60,1.2590976263064255,187,31.016042780748666,"31,0%",-3.9198546551487645,"-3,9%",49,36.734693877551024,"36,7%",5.965463108320254,"6,0%"
1h,PFR,2.0,pos_in_range_n,high,60,0.7493333333333334,187,33.155080213903744,"33,2%",-1.7808172219936864,"-1,8%",53,35.84905660377358,"35,8%",5.079825834542813,"5,1%"
1h,PFR,2.0,clv,high,60,0.8205672541857332,187,35.294117647058826,"35,3%",0.35822021116139524,"0,4%",51,35.294117647058826,"35,3%",4.524886877828056,"4,5%"
1h,PFR,2.0,vol_z,high,60,-0.45575153218504233,187,37.967914438502675,"38,0%",3.0320170026052438,"3,0%",54,35.18518518518518,"35,2%",4.415954415954413,"4,4%"
1h,PFR,2.0,clv,high,50,0.8566664627057456,156,33.97435897435898,"34,0%",-0.9615384615384528,"-1,0%",43,34.883720930232556,"34,9%",4.114490161001786,"4,1%"
1h,PFR,2.0,body,high,50,79.95000000000073,156,39.743589743589745,"39,7%",4.807692307692314,"4,8%",66,34.84848484848485,"34,8%",4.079254079254081,"4,1%"
1h,PFR,2.0,body,high,40,109.8,125,42.4,"42,4%",7.464102564102568,"7,5%",61,34.42622950819672,"34,4%",3.6569987389659495,"3,7%"
1h,PFR,2.0,body_pct,high,60,0.18072295896955215,187,36.898395721925134,"36,9%",1.962498286027703,"2,0%",44,34.090909090909086,"34,1%",3.3216783216783163,"3,3%"
1h,PFR,2.0,ret_1_pct,high,60,0.18105016111102046,187,36.898395721925134,"36,9%",1.962498286027703,"2,0%",44,34.090909090909086,"34,1%",3.3216783216783163,"3,3%"
1h,PFR,2.0,pullback_from_new_high_pct,low,40,0.7023214230698991,125,34.4,"34,4%",-0.5358974358974322,"-0,5%",50,34.0,"34,0%",3.23076923076923,"3,2%"
1h,PFR,2.0,context_pullback_pct,low,40,0.7023214230698991,125,34.4,"34,4%",-0.5358974358974322,"-0,5%",50,34.0,"34,0%",3.23076923076923,"3,2%"
1h,PFR,2.0,after_new_high_recent_flag,high,10,1.0,209,27.751196172248804,"27,8%",-7.184701263648627,"-7,2%",50,34.0,"34,0%",3.23076923076923,"3,2%"
1h,PFR,2.0,after_new_high_recent_flag,high,15,1.0,209,27.751196172248804,"27,8%",-7.184701263648627,"-7,2%",50,34.0,"34,0%",3.23076923076923,"3,2%"
1h,PFR,2.0,after_new_high_recent_flag,high,20,1.0,209,27.751196172248804,"27,8%",-7.184701263648627,"-7,2%",50,34.0,"34,0%",3.23076923076923,"3,2%"
1h,PFR,2.0,after_new_high_recent_flag,high,25,1.0,209,27.751196172248804,"27,8%",-7.184701263648627,"-7,2%",50,34.0,"34,0%",3.23076923076923,"3,2%"
1h,PFR,2.0,after_new_high_recent_flag,high,30,1.0,209,27.751196172248804,"27,8%",-7.184701263648627,"-7,2%",50,34.0,"34,0%",3.23076923076923,"3,2%"
1h,PFR,2.0,after_new_high_recent_flag,high,40,1.0,209,27.751196172248804,"27,8%",-7.184701263648627,"-7,2%",50,34.0,"34,0%",3.23076923076923,"3,2%"
1h,PFR,2.0,after_new_high_recent_flag,high,50,1.0,209,27.751196172248804,"27,8%",-7.184701263648627,"-7,2%",50,34.0,"34,0%",3.23076923076923,"3,2%"
1h,PFR,2.0,after_new_high_recent_flag,high,60,1.0,209,27.751196172248804,"27,8%",-7.184701263648627,"-7,2%",50,34.0,"34,0%",3.23076923076923,"3,2%"
1h,PFR,2.0,context_after_extreme_flag_v2,high,10,1.0,209,27.751196172248804,"27,8%",-7.184701263648627,"-7,2%",50,34.0,"34,0%",3.23076923076923,"3,2%"
1h,PFR,2.0,context_after_extreme_flag_v2,high,15,1.0,209,27.751196172248804,"27,8%",-7.184701263648627,"-7,2%",50,34.0,"34,0%",3.23076923076923,"3,2%"
1h,PFR,2.0,context_after_extreme_flag_v2,high,20,1.0,209,27.751196172248804,"27,8%",-7.184701263648627,"-7,2%",50,34.0,"34,0%",3.23076923076923,"3,2%"
1h,PFR,2.0,context_after_extreme_flag_v2,high,25,1.0,209,27.751196172248804,"27,8%",-7.184701263648627,"-7,2%",50,34.0,"34,0%",3.23076923076923,"3,2%"
1h,PFR,2.0,context_after_extreme_flag_v2,high,30,1.0,209,27.751196172248804,"27,8%",-7.184701263648627,"-7,2%",50,34.0,"34,0%",3.23076923076923,"3,2%"
1h,PFR,2.0,context_after_extreme_flag_v2,high,40,1.0,209,27.751196172248804,"27,8%",-7.184701263648627,"-7,2%",50,34.0,"34,0%",3.23076923076923,"3,2%"
1h,PFR,2.0,context_after_extreme_flag_v2,high,50,1.0,209,27.751196172248804,"27,8%",-7.184701263648627,"-7,2%",50,34.0,"34,0%",3.23076923076923,"3,2%"
1h,PFR,2.0,context_after_extreme_flag_v2,high,60,1.0,209,27.751196172248804,"27,8%",-7.184701263648627,"-7,2%",50,34.0,"34,0%",3.23076923076923,"3,2%"
1h,PFR,2.0,upper_wick_pct,low,60,0.13143585046875164,187,33.155080213903744,"33,2%",-1.7808172219936864,"-1,8%",56,33.92857142857143,"33,9%",3.1593406593406606,"3,2%"
1h,PFR,2.0,pullback_from_new_high_pct,low,60,0.9275716464209308,187,32.0855614973262,"32,1%",-2.8503359385712272,"-2,9%",59,33.89830508474576,"33,9%",3.1290743155149876,"3,1%"
1h,PFR,2.0,context_pullback_pct,low,60,0.9275716464209308,187,32.0855614973262,"32,1%",-2.8503359385712272,"-2,9%",59,33.89830508474576,"33,9%",3.1290743155149876,"3,1%"
1h,PFR,2.0,pullback_from_new_high_pct,low,50,0.8014789122528121,156,30.76923076923077,"30,8%",-4.166666666666661,"-4,2%",57,33.33333333333333,"33,3%",2.5641025641025585,"2,6%"
1h,PFR,2.0,context_pullback_pct,low,50,0.8014789122528121,156,30.76923076923077,"30,8%",-4.166666666666661,"-4,2%",57,33.33333333333333,"33,3%",2.5641025641025585,"2,6%"
1h,PFR,2.0,ret_3_pct,high,60,-0.0317991611401291,187,35.294117647058826,"35,3%",0.35822021116139524,"0,4%",51,33.33333333333333,"33,3%",2.5641025641025585,"2,6%"
1h,PFR,2.0,bars_since_new_high,low,60,4.0,192,33.33333333333333,"33,3%",-1.6025641025641022,"-1,6%",45,33.33333333333333,"33,3%",2.5641025641025585,"2,6%"
1h,PFR,2.0,context_bars_since_extreme,low,60,4.0,192,33.33333333333333,"33,3%",-1.6025641025641022,"-1,6%",45,33.33333333333333,"33,3%",2.5641025641025585,"2,6%"
1h,PFR,2.0,body,high,60,54.7,187,37.967914438502675,"38,0%",3.0320170026052438,"3,0%",70,32.857142857142854,"32,9%",2.087912087912084,"2,1%"
1h,PFR,2.0,lower_wick,high,40,143.8,125,34.4,"34,4%",-0.5358974358974322,"-0,5%",55,32.72727272727273,"32,7%",1.9580419580419566,"2,0%"
1h,PFR,2.0,upper_wick_pct,low,50,0.10676079738981245,156,34.61538461538461,"34,6%",-0.3205128205128176,"-0,3%",52,32.69230769230769,"32,7%",1.9230769230769234,"1,9%"
1h,PFR,2.0,vol_z,high,50,-0.2887925555793114,156,39.743589743589745,"39,7%",4.807692307692314,"4,8%",46,32.608695652173914,"32,6%",1.839464882943144,"1,8%"
1h,PFR,2.0,ret_5_pct,high,60,0.34803102513803363,187,31.016042780748666,"31,0%",-3.9198546551487645,"-3,9%",40,32.5,"32,5%",1.73076923076923,"1,7%"
1h,PFR,2.0,range,high,50,271.25,156,37.17948717948718,"37,2%",2.2435897435897516,"2,2%",69,31.88405797101449,"31,9%",1.1148272017837186,"1,1%"
1h,PFR,2.0,lower_wick,high,60,79.9,187,35.294117647058826,"35,3%",0.35822021116139524,"0,4%",69,31.88405797101449,"31,9%",1.1148272017837186,"1,1%"
1h,PFR,2.0,lower_wick,high,50,108.75,156,36.53846153846153,"36,5%",1.6025641025641022,"1,6%",64,31.25,"31,2%",0.48076923076922995,"0,5%"
1h,PFR,2.0,atr_pct,low,60,0.888126309795943,187,36.898395721925134,"36,9%",1.962498286027703,"2,0%",71,30.985915492957744,"31,0%",0.21668472372697423,"0,2%"
1h,PFR,2.0,sma8,high,40,41405.7,125,36.8,"36,8%",1.8641025641025664,"1,9%",78,30.76923076923077,"30,8%",0.0,"0,0%"
1h,PFR,2.0,sma8,high,50,35218.5625,156,39.743589743589745,"39,7%",4.807692307692314,"4,8%",78,30.76923076923077,"30,8%",0.0,"0,0%"
1h,PFR,2.0,sma8,high,60,28021.232500000002,187,38.50267379679144,"38,5%",3.5667763608940106,"3,6%",78,30.76923076923077,"30,8%",0.0,"0,0%"
1h,PFR,2.0,sma80,high,40,40070.8765,125,37.6,"37,6%",2.6641025641025706,"2,7%",78,30.76923076923077,"30,8%",0.0,"0,0%"
1h,PFR,2.0,sma80,high,50,34096.664375,156,39.1025641025641,"39,1%",4.166666666666671,"4,2%",78,30.76923076923077,"30,8%",0.0,"0,0%"
1h,PFR,2.0,sma80,high,60,27232.120000000003,187,38.50267379679144,"38,5%",3.5667763608940106,"3,6%",78,30.76923076923077,"30,8%",0.0,"0,0%"
1h,PFR,2.0,atr,high,60,237.07132522272954,187,36.36363636363637,"36,4%",1.427738927738936,"1,4%",78,30.76923076923077,"30,8%",0.0,"0,0%"
1h,PFR,2.0,rolling_high_20,high,40,41887.3,125,36.8,"36,8%",1.8641025641025664,"1,9%",78,30.76923076923077,"30,8%",0.0,"0,0%"
1h,PFR,2.0,rolling_high_20,high,50,36189.75,156,39.743589743589745,"39,7%",4.807692307692314,"4,8%",78,30.76923076923077,"30,8%",0.0,"0,0%"
1h,PFR,2.0,rolling_high_20,high,60,28229.56,187,38.50267379679144,"38,5%",3.5667763608940106,"3,6%",78,30.76923076923077,"30,8%",0.0,"0,0%"
1h,PFR,2.0,rolling_low_20,high,40,39560.32,125,37.6,"37,6%",2.6641025641025706,"2,7%",78,30.76923076923077,"30,8%",0.0,"0,0%"
1h,PFR,2.0,rolling_low_20,high,50,33728.25,156,39.743589743589745,"39,7%",4.807692307692314,"4,8%",78,30.76923076923077,"30,8%",0.0,"0,0%"
1h,PFR,2.0,rolling_low_20,high,60,27048.82,187,38.50267379679144,"38,5%",3.5667763608940106,"3,6%",78,30.76923076923077,"30,8%",0.0,"0,0%"
1h,PFR,2.0,new_high_event,high,10,0.0,312,34.93589743589743,"34,9%",0.0,"0,0%",78,30.76923076923077,"30,8%",0.0,"0,0%"
1h,PFR,2.0,new_high_event,high,15,0.0,312,34.93589743589743,"34,9%",0.0,"0,0%",78,30.76923076923077,"30,8%",0.0,"0,0%"
1h,PFR,2.0,new_high_event,high,20,0.0,312,34.93589743589743,"34,9%",0.0,"0,0%",78,30.76923076923077,"30,8%",0.0,"0,0%"
1h,PFR,2.0,new_high_event,high,25,0.0,312,34.93589743589743,"34,9%",0.0,"0,0%",78,30.76923076923077,"30,8%",0.0,"0,0%"
1h,PFR,2.0,new_high_event,high,30,0.0,312,34.93589743589743,"34,9%",0.0,"0,0%",78,30.76923076923077,"30,8%",0.0,"0,0%"
1h,PFR,2.0,new_high_event,high,40,0.0,312,34.93589743589743,"34,9%",0.0,"0,0%",78,30.76923076923077,"30,8%",0.0,"0,0%"
1h,PFR,2.0,new_high_event,high,50,0.0,312,34.93589743589743,"34,9%",0.0,"0,0%",78,30.76923076923077,"30,8%",0.0,"0,0%"
1h,PFR,2.0,new_high_event,high,60,0.0,312,34.93589743589743,"34,9%",0.0,"0,0%",78,30.76923076923077,"30,8%",0.0,"0,0%"
1h,PFR,2.0,last_new_high,high,40,41901.5,126,36.507936507936506,"36,5%",1.5720390720390753,"1,6%",78,30.76923076923077,"30,8%",0.0,"0,0%"
1h,PFR,2.0,last_new_high,high,50,36238.5,156,39.1025641025641,"39,1%",4.166666666666671,"4,2%",78,30.76923076923077,"30,8%",0.0,"0,0%"
1h,PFR,2.0,last_new_high,high,60,28448.02,187,38.50267379679144,"38,5%",3.5667763608940106,"3,6%",78,30.76923076923077,"30,8%",0.0,"0,0%"
1h,PFR,2.0,after_new_high_recent_flag,low,40,1.0,312,34.93589743589743,"34,9%",0.0,"0,0%",78,30.76923076923077,"30,8%",0.0,"0,0%"
1h,PFR,2.0,after_new_high_recent_flag,low,50,1.0,312,34.93589743589743,"34,9%",0.0,"0,0%",78,30.76923076923077,"30,8%",0.0,"0,0%"
1h,PFR,2.0,after_new_high_recent_flag,low,60,1.0,312,34.93589743589743,"34,9%",0.0,"0,0%",78,30.76923076923077,"30,8%",0.0,"0,0%"
1h,PFR,2.0,context_after_extreme_flag_v2,low,40,1.0,312,34.93589743589743,"34,9%",0.0,"0,0%",78,30.76923076923077,"30,8%",0.0,"0,0%"
1h,PFR,2.0,context_after_extreme_flag_v2,low,50,1.0,312,34.93589743589743,"34,9%",0.0,"0,0%",78,30.76923076923077,"30,8%",0.0,"0,0%"
1h,PFR,2.0,context_after_extreme_flag_v2,low,60,1.0,312,34.93589743589743,"34,9%",0.0,"0,0%",78,30.76923076923077,"30,8%",0.0,"0,0%"
1h,PFR,2.0,dist_to_high_n_pct,low,60,0.8171697402557591,187,33.68983957219251,"33,7%",-1.2460578637049196,"-1,2%",65,30.76923076923077,"30,8%",0.0,"0,0%"
1h,PFR,2.0,atr,high,50,312.216578312583,156,34.61538461538461,"34,6%",-0.3205128205128176,"-0,3%",75,30.666666666666664,"30,7%",-0.10256410256410575,"-0,1%"
1h,PFR,2.0,range,high,60,211.68000000000177,187,36.898395721925134,"36,9%",1.962498286027703,"2,0%",75,30.666666666666664,"30,7%",-0.10256410256410575,"-0,1%"
1h,PFR,2.0,lower_wick_pct,low,50,0.27904677802551475,156,37.82051282051282,"37,8%",2.884615384615387,"2,9%",49,30.612244897959183,"30,6%",-0.15698587127158703,"-0,2%"
1h,PFR,2.0,dist_to_high_n_pct,low,40,0.5972368707486417,125,37.6,"37,6%",2.6641025641025706,"2,7%",49,30.612244897959183,"30,6%",-0.15698587127158703,"-0,2%"
1h,PFR,2.0,range,high,40,350.9,125,40.0,"40,0%",5.064102564102569,"5,1%",59,30.508474576271187,"30,5%",-0.2607561929595832,"-0,3%"
1h,PFR,2.0,dist_to_high_n_pct,low,50,0.7194049777468914,156,35.8974358974359,"35,9%",0.961538461538467,"1,0%",59,30.508474576271187,"30,5%",-0.2607561929595832,"-0,3%"
1h,PFR,2.0,dist_to_low_n_pct,low,60,3.280737700850216,187,37.4331550802139,"37,4%",2.49725764431647,"2,5%",66,30.303030303030305,"30,3%",-0.4662004662004655,"-0,5%"
1h,PFR,2.0,clv,low,60,0.8801074065148377,187,35.294117647058826,"35,3%",0.35822021116139524,"0,4%",43,30.23255813953488,"30,2%",-0.5366726296958895,"-0,5%"
1h,PFR,2.0,new_high_event,low,10,0.0,286,33.21678321678322,"33,2%",-1.7191142191142106,"-1,7%",70,30.0,"30,0%",-0.76923076923077,"-0,8%"
1h,PFR,2.0,new_high_event,low,15,0.0,286,33.21678321678322,"33,2%",-1.7191142191142106,"-1,7%",70,30.0,"30,0%",-0.76923076923077,"-0,8%"
1h,PFR,2.0,new_high_event,low,20,0.0,286,33.21678321678322,"33,2%",-1.7191142191142106,"-1,7%",70,30.0,"30,0%",-0.76923076923077,"-0,8%"
1h,PFR,2.0,new_high_event,low,25,0.0,286,33.21678321678322,"33,2%",-1.7191142191142106,"-1,7%",70,30.0,"30,0%",-0.76923076923077,"-0,8%"
1h,PFR,2.0,new_high_event,low,30,0.0,286,33.21678321678322,"33,2%",-1.7191142191142106,"-1,7%",70,30.0,"30,0%",-0.76923076923077,"-0,8%"
1h,PFR,2.0,new_high_event,low,40,0.0,286,33.21678321678322,"33,2%",-1.7191142191142106,"-1,7%",70,30.0,"30,0%",-0.76923076923077,"-0,8%"
1h,PFR,2.0,new_high_event,low,50,0.0,286,33.21678321678322,"33,2%",-1.7191142191142106,"-1,7%",70,30.0,"30,0%",-0.76923076923077,"-0,8%"
1h,PFR,2.0,new_high_event,low,60,0.0,286,33.21678321678322,"33,2%",-1.7191142191142106,"-1,7%",70,30.0,"30,0%",-0.76923076923077,"-0,8%"
1h,PFR,2.0,range_pct,low,60,0.8847204040668963,187,33.68983957219251,"33,7%",-1.2460578637049196,"-1,2%",60,30.0,"30,0%",-0.76923076923077,"-0,8%"
1h,PFR,2.0,lower_wick_pct,low,60,0.335763704630977,187,36.36363636363637,"36,4%",1.427738927738936,"1,4%",60,30.0,"30,0%",-0.76923076923077,"-0,8%"
1h,PFR,2.0,atr,high,40,384.2181694364948,125,36.8,"36,8%",1.8641025641025664,"1,9%",67,29.850746268656714,"29,9%",-0.9184845005740563,"-0,9%"
1h,PFR,2.0,upper_wick,high,40,46.41999999999971,125,36.8,"36,8%",1.8641025641025664,"1,9%",47,29.78723404255319,"29,8%",-0.9819967266775791,"-1,0%"
1h,PFR,2.0,slope_strength,low,60,0.15530403462744596,187,34.22459893048128,"34,2%",-0.7112985054161527,"-0,7%",54,29.629629629629626,"29,6%",-1.1396011396011438,"-1,1%"
1h,PFR,2.0,range_pct,low,50,0.7389945487340785,156,33.97435897435898,"34,0%",-0.9615384615384528,"-1,0%",54,29.629629629629626,"29,6%",-1.1396011396011438,"-1,1%"
1h,PFR,2.0,dist_to_low_n_pct,low,50,2.793844232980531,156,37.17948717948718,"37,2%",2.2435897435897516,"2,2%",61,29.508196721311474,"29,5%",-1.2610340479192956,"-1,3%"
1h,PFR,2.0,upper_wick,high,50,32.0,157,35.6687898089172,"35,7%",0.7328923730197658,"0,7%",58,29.310344827586203,"29,3%",-1.4588859416445672,"-1,5%"
1h,PFR,2.0,upper_wick,high,60,24.0,188,35.638297872340424,"35,6%",0.7024004364429928,"0,7%",63,28.57142857142857,"28,6%",-2.1978021978022007,"-2,2%"
1h,PFR,2.0,body_pct,low,60,0.3250041466783582,187,32.0855614973262,"32,1%",-2.8503359385712272,"-2,9%",53,28.30188679245283,"28,3%",-2.46734397677794,"-2,5%"
1h,PFR,2.0,ret_1_pct,low,60,0.32606387787439844,187,32.0855614973262,"32,1%",-2.8503359385712272,"-2,9%",53,28.30188679245283,"28,3%",-2.46734397677794,"-2,5%"
1h,PFR,2.0,dist_to_low_n_pct,low,40,2.407010025155135,125,36.8,"36,8%",1.8641025641025664,"1,9%",46,28.26086956521739,"28,3%",-2.5083612040133794,"-2,5%"
1h,PFR,2.0,slope_strength,low,50,0.12608123173678304,156,34.61538461538461,"34,6%",-0.3205128205128176,"-0,3%",50,28.000000000000004,"28,0%",-2.7692307692307665,"-2,8%"
1h,PFR,2.0,dist_to_sma80_pct,low,60,2.653661476389308,187,37.4331550802139,"37,4%",2.49725764431647,"2,5%",61,27.86885245901639,"27,9%",-2.9003783102143785,"-2,9%"
1h,PFR,2.0,ma_gap_pct,low,60,2.2397880835924098,187,36.898395721925134,"36,9%",1.962498286027703,"2,0%",65,27.692307692307693,"27,7%",-3.0769230769230766,"-3,1%"
1h,PFR,2.0,atr_pct,low,50,0.7793134469685157,156,35.8974358974359,"35,9%",0.961538461538467,"1,0%",65,27.692307692307693,"27,7%",-3.0769230769230766,"-3,1%"
1h,PFR,2.0,ret_5_pct,low,50,0.4925857620942664,156,40.38461538461539,"40,4%",5.448717948717956,"5,4%",51,27.450980392156865,"27,5%",-3.3182503770739054,"-3,3%"
1h,PFR,2.0,lower_wick_pct,low,40,0.23181499452232257,125,36.0,"36,0%",1.0641025641025692,"1,1%",44,27.27272727272727,"27,3%",-3.4965034965035002,"-3,5%"
1h,PFR,2.0,bars_since_new_high,high,40,4.0,154,37.01298701298701,"37,0%",2.0770895770895805,"2,1%",44,27.27272727272727,"27,3%",-3.4965034965035002,"-3,5%"
1h,PFR,2.0,context_bars_since_extreme,high,40,4.0,154,37.01298701298701,"37,0%",2.0770895770895805,"2,1%",44,27.27272727272727,"27,3%",-3.4965034965035002,"-3,5%"
1h,PFR,2.0,atr_pct,low,40,0.6929904745892846,125,35.199999999999996,"35,2%",0.26410256410256494,"0,3%",56,26.785714285714285,"26,8%",-3.9835164835164854,"-4,0%"
1h,PFR,2.0,ret_5_pct,low,60,0.6960202355098754,187,37.967914438502675,"38,0%",3.0320170026052438,"3,0%",60,26.666666666666668,"26,7%",-4.102564102564102,"-4,1%"
1h,PFR,2.0,vol_z,low,60,-0.06709275131316064,187,30.481283422459892,"30,5%",-4.4546140134375385,"-4,5%",45,26.666666666666668,"26,7%",-4.102564102564102,"-4,1%"
1h,PFR,2.0,rsi,low,60,64.11355279876257,187,36.36363636363637,"36,4%",1.427738927738936,"1,4%",49,26.53061224489796,"26,5%",-4.238618524332811,"-4,2%"
1h,PFR,2.0,ma_gap_pct,low,50,1.5874136696245356,156,33.33333333333333,"33,3%",-1.6025641025641022,"-1,6%",53,26.41509433962264,"26,4%",-4.354136429608129,"-4,4%"
1h,PFR,2.0,body_pct,low,50,0.2424985212456453,156,33.33333333333333,"33,3%",-1.6025641025641022,"-1,6%",42,26.190476190476193,"26,2%",-4.578754578754577,"-4,6%"
1h,PFR,2.0,ret_1_pct,low,50,0.24308800641146266,156,33.33333333333333,"33,3%",-1.6025641025641022,"-1,6%",42,26.190476190476193,"26,2%",-4.578754578754577,"-4,6%"
1h,PFR,2.0,pullback_from_new_high_atr,high,60,0.8585152646223818,187,35.294117647058826,"35,3%",0.35822021116139524,"0,4%",42,26.190476190476193,"26,2%",-4.578754578754577,"-4,6%"
1h,PFR,2.0,context_pullback_atr,high,60,0.8585152646223818,187,35.294117647058826,"35,3%",0.35822021116139524,"0,4%",42,26.190476190476193,"26,2%",-4.578754578754577,"-4,6%"
1h,PFR,2.0,dist_to_sma80_pct,low,50,2.1188096678103663,156,36.53846153846153,"36,5%",1.6025641025641022,"1,6%",56,25.0,"25,0%",-5.76923076923077,"-5,8%"
1h,PFR,2.0,range_pct,low,40,0.6178358923885037,125,34.4,"34,4%",-0.5358974358974322,"-0,5%",44,25.0,"25,0%",-5.76923076923077,"-5,8%"
1h,PFR,2.0,bars_since_new_high,high,50,3.0,192,37.5,"37,5%",2.564102564102569,"2,6%",53,24.528301886792452,"24,5%",-6.240928882438318,"-6,2%"
1h,PFR,2.0,bars_since_new_high,high,60,3.0,192,37.5,"37,5%",2.564102564102569,"2,6%",53,24.528301886792452,"24,5%",-6.240928882438318,"-6,2%"
1h,PFR,2.0,context_bars_since_extreme,high,50,3.0,192,37.5,"37,5%",2.564102564102569,"2,6%",53,24.528301886792452,"24,5%",-6.240928882438318,"-6,2%"
1h,PFR,2.0,context_bars_since_extreme,high,60,3.0,192,37.5,"37,5%",2.564102564102569,"2,6%",53,24.528301886792452,"24,5%",-6.240928882438318,"-6,2%"
1h,PFR,2.0,dist_to_sma80_pct,low,40,1.7394113026734042,125,33.6,"33,6%",-1.3358974358974294,"-1,3%",47,23.404255319148938,"23,4%",-7.3649754500818325,"-7,4%"
1h,PFR,2.0,pos_in_range_n,low,60,0.8291212762922362,187,33.68983957219251,"33,7%",-1.2460578637049196,"-1,2%",42,21.428571428571427,"21,4%",-9.340659340659343,"-9,3%"
1h,PFR,2.0,rsi,low,50,61.80210618843981,156,36.53846153846153,"36,5%",1.6025641025641022,"1,6%",43,20.930232558139537,"20,9%",-9.838998211091234,"-9,8%"
1h,PFR,2.0,ret_3_pct,low,60,0.13001596684452996,187,34.22459893048128,"34,2%",-0.7112985054161527,"-0,7%",44,20.454545454545457,"20,5%",-10.314685314685313,"-10,3%"
1h,PFR,2.0,ma_gap_pct,low,40,1.2299726701345204,125,33.6,"33,6%",-1.3358974358974294,"-1,3%",40,20.0,"20,0%",-10.76923076923077,"-10,8%"
